Session Start,Session End,Total Sleep Duration (hrs),Average HRV (ms),Date,Awake Duration (hrs),REM Duration (hrs),Core Duration (hrs),Deep Duration (hrs),Total Steps
,,,,2021-11-15,,,,,6470.0
,,,,2021-11-16,,,,,7694.0
,,,,2021-11-17,,,,,4610.0
2021-11-18 08:14:51-07:00,2021-11-18 08:14:51-07:00,0.0,,2021-11-18,,,,,17859.0
2021-11-19 01:46:55-07:00,2021-11-19 08:13:25-07:00,6.441666666666666,47.213,2021-11-19,,,,,14570.0
,,,,2021-11-20,,,,,9082.0
,,,,2021-11-21,,,,,18040.0
,,,,2021-11-22,,,,,2579.0
2021-11-23 01:55:51-07:00,2021-11-23 10:34:51-07:00,8.65,44.57885,2021-11-23,,,,,16973.0
2021-11-24 02:17:33-07:00,2021-11-24 11:39:33-07:00,9.366666666666667,47.21246666666667,2021-11-24,,,,,8056.0
2021-11-25 02:58:50-07:00,2021-11-25 11:33:20-07:00,8.575,35.75673333333334,2021-11-25,,,,,4916.0
2021-11-26 03:49:40-07:00,2021-11-26 09:17:10-07:00,5.458333333333333,50.133750000000006,2021-11-26,,,,,1071.0
2021-11-27 02:08:13-07:00,2021-11-27 11:43:13-07:00,9.583333333333334,59.3249,2021-11-27,,,,,17982.0
2021-11-27 23:18:35-07:00,2021-11-28 11:26:05-07:00,12.125,50.212799999999994,2021-11-28,,,,,1041.0
2021-11-29 00:12:25-07:00,2021-11-29 07:33:55-07:00,7.358333333333333,30.2965,2021-11-29,,,,,17419.0
2021-11-30 01:56:32-07:00,2021-11-30 08:18:32-07:00,6.366666666666666,38.518649999999994,2021-11-30,,,,,21558.0
2021-12-01 02:18:04-07:00,2021-12-01 08:16:04-07:00,5.966666666666667,31.6795,2021-12-01,,,,,21033.0
2021-12-02 01:21:59-07:00,2021-12-02 08:15:29-07:00,6.891666666666667,52.3192,2021-12-02,,,,,17391.0
2021-12-03 00:42:06-07:00,2021-12-03 08:26:36-07:00,7.741666666666666,45.629599999999996,2021-12-03,,,,,15761.0
2021-12-04 00:47:05-07:00,2021-12-04 07:38:35-07:00,6.858333333333333,60.3602,2021-12-04,,,,,2174.0
2021-12-04 09:16:36-07:00,2021-12-04 09:16:36-07:00,0.0,,2021-12-04,,,,,2174.0
,,,,2021-12-05,,,,,261.0
2021-12-06 00:34:47-07:00,2021-12-06 08:06:47-07:00,7.533333333333333,,2021-12-06,,,,,23067.0
2021-12-07 01:06:08-07:00,2021-12-07 08:13:38-07:00,7.125,112.609,2021-12-07,,,,,12046.0
2021-12-08 00:32:02-07:00,2021-12-08 08:23:02-07:00,7.85,43.20676666666666,2021-12-08,,,,,22973.0
2021-12-09 01:55:45-07:00,2021-12-09 08:10:15-07:00,6.241666666666666,20.8037,2021-12-09,,,,,14686.0
2021-12-10 01:13:56-07:00,2021-12-10 07:56:56-07:00,6.716666666666667,12.9845,2021-12-10,,,,,1216.0
,,,,2021-12-11,,,,,806.0
,,,,2021-12-12,,,,,977.0
2021-12-13 01:01:42-07:00,2021-12-13 08:20:42-07:00,7.316666666666666,59.9541,2021-12-13,,,,,11404.0
2021-12-14 00:58:06-07:00,2021-12-14 08:19:36-07:00,7.358333333333333,25.1959,2021-12-14,,,,,10133.0
2021-12-15 00:21:10-07:00,2021-12-15 08:23:10-07:00,8.033333333333333,22.612000000000002,2021-12-15,,,,,6427.0
,,,,2021-12-16,,,,,5273.0
2021-12-17 00:23:07-07:00,2021-12-17 08:23:37-07:00,8.008333333333333,33.4133,2021-12-17,,,,,10382.0
2021-12-18 03:09:40-07:00,2021-12-18 10:20:10-07:00,7.175,52.90145,2021-12-18,,,,,771.0
,,,,2021-12-19,,,,,13093.0
2021-12-20 01:36:36-07:00,2021-12-20 08:47:36-07:00,7.183333333333334,47.9256,2021-12-20,,,,,15561.0
2021-12-21 02:03:22-07:00,2021-12-21 09:13:52-07:00,7.175,47.1391,2021-12-21,,,,,11754.0
2021-12-22 03:17:55-07:00,2021-12-22 09:22:25-07:00,6.075,30.7379,2021-12-22,,,,,12576.0
2021-12-23 02:43:40-07:00,2021-12-23 11:14:40-07:00,8.516666666666667,44.181000000000004,2021-12-23,,,,,1721.0
,,,,2021-12-24,,,,,14056.0
2021-12-25 03:58:20-07:00,2021-12-25 11:44:50-07:00,7.775,78.7473,2021-12-25,,,,,13404.0
,,,,2021-12-26,,,,,331.0
2021-12-27 03:02:31-07:00,2021-12-27 11:52:31-07:00,8.833333333333334,31.79843333333333,2021-12-27,,,,,1293.0
,,,,2021-12-28,,,,,446.0
,,,,2021-12-29,,,,,833.0
,,,,2021-12-30,,,,,830.0
,,,,2021-12-31,,,,,816.0
,,,,2022-01-01,,,,,13124.0
,,,,2022-01-02,,,,,2093.0
,,,,2022-01-03,,,,,13314.0
2022-01-04 01:03:49-07:00,2022-01-04 08:17:49-07:00,7.233333333333333,47.5575,2022-01-04,,,,,19742.0
,,,,2022-01-05,,,,,18265.0
,,,,2022-01-06,,,,,12077.0
,,,,2022-01-07,,,,,13073.0
2022-01-08 03:48:23-07:00,2022-01-08 12:24:53-07:00,8.608333333333333,38.66589999999999,2022-01-08,,,,,5799.0
2022-01-09 03:22:14-07:00,2022-01-09 11:59:44-07:00,8.625,34.78195,2022-01-09,,,,,2070.0
2022-01-09 23:29:45-07:00,2022-01-10 08:26:45-07:00,8.95,36.565349999999995,2022-01-10,,,,,11353.0
2022-01-11 01:28:24-07:00,2022-01-11 08:27:24-07:00,6.983333333333333,57.30445,2022-01-11,,,,,20442.0
2022-01-12 01:36:53-07:00,2022-01-12 08:22:23-07:00,6.758333333333334,42.3763,2022-01-12,,,,,9711.0
2022-01-13 00:47:12-07:00,2022-01-13 08:15:12-07:00,7.466666666666667,35.85,2022-01-13,,,,,14306.0
2022-01-14 01:44:27-07:00,2022-01-14 08:19:27-07:00,6.583333333333333,51.3842,2022-01-14,,,,,18928.0
2022-01-15 03:57:34-07:00,2022-01-15 11:27:04-07:00,7.491666666666666,81.5318,2022-01-15,,,,,11615.0
2022-01-16 04:01:40-07:00,2022-01-16 12:46:10-07:00,8.741666666666667,44.38026666666667,2022-01-16,,,,,3335.0
2022-01-17 04:43:33-07:00,2022-01-17 13:02:03-07:00,8.308333333333334,40.3218,2022-01-17,,,,,1060.0
2022-01-18 00:47:10-07:00,2022-01-18 08:29:40-07:00,7.708333333333333,91.08840000000001,2022-01-18,,,,,23456.0
2022-01-19 02:10:23-07:00,2022-01-19 08:28:23-07:00,6.3,34.5764,2022-01-19,,,,,19938.0
2022-01-20 01:44:31-07:00,2022-01-20 07:33:01-07:00,5.808333333333334,76.8412,2022-01-20,,,,,11326.0
2022-01-21 00:06:38-07:00,2022-01-21 09:06:38-07:00,9.0,32.7223,2022-01-21,,,,,23946.0
2022-01-22 01:36:36-07:00,2022-01-22 11:01:06-07:00,9.408333333333333,37.093050000000005,2022-01-22,,,,,1112.0
2022-01-23 01:26:36-07:00,2022-01-23 09:18:36-07:00,7.866666666666666,31.203200000000002,2022-01-23,,,,,1554.0
2022-01-24 00:53:03-07:00,2022-01-24 08:26:33-07:00,7.558333333333334,45.6405,2022-01-24,,,,,14948.0
2022-01-25 01:13:08-07:00,2022-01-25 08:26:38-07:00,7.225,36.0991,2022-01-25,,,,,21376.0
2022-01-26 00:23:29-07:00,2022-01-26 08:33:29-07:00,8.166666666666666,46.922200000000004,2022-01-26,,,,,27985.0
2022-01-27 02:03:22-07:00,2022-01-27 08:25:22-07:00,6.366666666666666,62.667,2022-01-27,,,,,13780.0
2022-01-28 01:27:29-07:00,2022-01-28 08:17:29-07:00,6.833333333333333,54.7481,2022-01-28,,,,,20617.0
2022-01-29 00:55:59-07:00,2022-01-29 07:11:29-07:00,6.258333333333334,68.4602,2022-01-29,,,,,21446.0
2022-01-30 00:33:33-07:00,2022-01-30 09:40:03-07:00,9.108333333333333,34.6339,2022-01-30,,,,,776.0
2022-01-31 00:51:18-07:00,2022-01-31 08:24:18-07:00,7.55,31.2353,2022-01-31,,,,,20384.0
2022-02-01 01:44:21-07:00,2022-02-01 08:16:51-07:00,6.541666666666667,66.1825,2022-02-01,,,,,20398.0
,,,,2022-02-02,,,,,6917.0
2022-02-03 01:06:03-07:00,2022-02-03 08:22:33-07:00,7.275,34.8137,2022-02-03,,,,,17206.0
2022-02-04 00:58:18-07:00,2022-02-04 08:09:18-07:00,7.183333333333334,56.365,2022-02-04,,,,,24248.0
2022-02-05 02:09:34-07:00,2022-02-05 08:08:34-07:00,5.983333333333333,38.3359,2022-02-05,,,,,13415.0
2022-02-06 02:24:06-07:00,2022-02-06 09:37:06-07:00,7.216666666666667,80.1519,2022-02-06,,,,,9610.0
2022-02-07 01:43:22-07:00,2022-02-07 08:22:22-07:00,6.65,48.49405,2022-02-07,,,,,10134.0
2022-02-08 01:32:40-07:00,2022-02-08 08:19:40-07:00,6.783333333333333,36.411950000000004,2022-02-08,,,,,10465.0
2022-02-09 01:41:32-07:00,2022-02-09 08:19:32-07:00,6.633333333333334,31.53855,2022-02-09,,,,,8748.0
2022-02-10 01:06:14-07:00,2022-02-10 08:13:14-07:00,7.116666666666666,35.815200000000004,2022-02-10,,,,,16393.0
2022-02-11 02:18:49-07:00,2022-02-11 09:00:49-07:00,6.7,57.35294999999999,2022-02-11,,,,,12498.0
2022-02-12 02:58:33-07:00,2022-02-12 10:25:33-07:00,7.45,40.513,2022-02-12,,,,,19520.0
,,,,2022-02-13,,,,,11211.0
2022-02-14 01:19:33-07:00,2022-02-14 08:14:33-07:00,6.916666666666667,56.7392,2022-02-14,,,,,19175.0
2022-02-15 01:22:29-07:00,2022-02-15 08:29:59-07:00,7.125,97.64954999999999,2022-02-15,,,,,19265.0
2022-02-16 01:41:19-07:00,2022-02-16 08:24:19-07:00,6.716666666666667,50.4294,2022-02-16,,,,,22928.0
2022-02-17 01:57:54-07:00,2022-02-17 08:31:24-07:00,6.558333333333334,56.5674,2022-02-17,,,,,23394.0
,,,,2022-02-18,,,,,19688.0
2022-02-19 02:18:17-07:00,2022-02-19 10:57:47-07:00,8.658333333333333,52.3801,2022-02-19,,,,,30575.0
2022-02-20 05:25:51-07:00,2022-02-20 12:17:51-07:00,6.866666666666666,66.6773,2022-02-20,,,,,1877.0
2022-02-21 04:05:55-07:00,2022-02-21 11:32:55-07:00,7.45,54.6786,2022-02-21,,,,,14812.0
2022-02-22 01:44:19-07:00,2022-02-22 08:23:49-07:00,6.658333333333333,53.442350000000005,2022-02-22,,,,,24783.0
2022-02-23 01:52:59-07:00,2022-02-23 07:53:59-07:00,6.016666666666667,37.191050000000004,2022-02-23,,,,,22031.0
2022-02-24 01:51:20-07:00,2022-02-24 08:14:50-07:00,6.391666666666667,51.3031,2022-02-24,,,,,5697.0
2022-02-25 01:13:17-07:00,2022-02-25 08:23:17-07:00,7.166666666666667,,2022-02-25,,,,,21148.0
2022-02-25 23:31:25-07:00,2022-02-26 06:58:25-07:00,7.45,49.8174,2022-02-26,,,,,22663.0
,,,,2022-02-27,,,,,280.0
2022-02-28 01:33:09-07:00,2022-02-28 08:23:39-07:00,6.841666666666667,49.9323,2022-02-28,,,,,17079.0
2022-03-01 02:23:23-07:00,2022-03-01 11:02:53-07:00,8.658333333333333,49.29185,2022-03-01,,,,,23004.0
2022-03-02 02:07:39-07:00,2022-03-02 08:13:39-07:00,6.1,57.4427,2022-03-02,,,,,14483.0
2022-03-03 01:08:46-07:00,2022-03-03 08:25:46-07:00,7.283333333333333,50.58725,2022-03-03,,,,,19794.0
2022-03-04 00:24:16-07:00,2022-03-04 07:54:16-07:00,7.5,45.137249999999995,2022-03-04,,,,,20718.0
2022-03-05 02:53:35-07:00,2022-03-05 09:03:35-07:00,6.166666666666667,74.9159,2022-03-05,,,,,6765.0
2022-03-06 02:10:56-07:00,2022-03-06 10:47:56-07:00,8.616666666666667,61.45765,2022-03-06,,,,,6892.0
2022-03-07 01:42:14-07:00,2022-03-07 07:47:14-07:00,6.083333333333333,176.641,2022-03-07,,,,,21763.0
2022-03-08 02:27:10-07:00,2022-03-08 10:35:10-07:00,8.133333333333333,44.644999999999996,2022-03-08,,,,,22796.0
2022-03-09 01:00:48-07:00,2022-03-09 07:54:48-07:00,6.9,66.25750000000001,2022-03-09,,,,,15118.0
2022-03-10 00:46:05-07:00,2022-03-10 06:16:35-07:00,5.508333333333334,39.88735,2022-03-10,,,,,22199.0
,,,,2022-03-11,,,,,19263.0
2022-03-11 23:50:26-07:00,2022-03-12 07:46:26-07:00,7.933333333333334,37.81995,2022-03-12,,,,,16514.0
2022-03-13 03:02:01-07:00,2022-03-13 09:59:31-07:00,6.958333333333333,108.55005,2022-03-13,,,,,1129.0
2022-03-13 23:09:58-07:00,2022-03-14 07:25:58-07:00,8.266666666666667,64.4447,2022-03-14,,,,,16419.0
2022-03-15 00:51:17-07:00,2022-03-15 08:59:47-07:00,8.141666666666667,,2022-03-15,,,,,15328.0
2022-03-16 00:05:50-07:00,2022-03-16 07:29:50-07:00,7.4,38.9602,2022-03-16,,,,,23068.0
2022-03-17 01:44:41-07:00,2022-03-17 07:22:11-07:00,5.625,38.3354,2022-03-17,,,,,10988.0
2022-03-17 23:15:04-07:00,2022-03-18 07:08:04-07:00,7.883333333333334,58.85375,2022-03-18,,,,,14409.0
2022-03-19 00:10:50-07:00,2022-03-19 07:15:20-07:00,7.075,48.3745,2022-03-19,,,,,20816.0
2022-03-20 00:38:36-07:00,2022-03-20 08:42:36-07:00,8.066666666666666,40.2652,2022-03-20,,,,,8918.0
2022-03-21 00:03:26-07:00,2022-03-21 07:22:56-07:00,7.325,44.1395,2022-03-21,,,,,20534.0
2022-03-22 00:04:11-07:00,2022-03-22 07:14:41-07:00,7.175,54.953599999999994,2022-03-22,,,,,12236.0
2022-03-22 23:57:33-07:00,2022-03-23 06:55:03-07:00,6.958333333333333,43.315250000000006,2022-03-23,,,,,12079.0
2022-03-24 01:37:40-07:00,2022-03-24 05:54:10-07:00,4.275,67.8196,2022-03-24,,,,,42777.0
2022-03-25 01:57:08-07:00,2022-03-25 06:45:38-07:00,4.808333333333334,46.6619,2022-03-25,,,,,24996.0
2022-03-26 01:39:22-07:00,2022-03-26 06:13:52-07:00,4.575,49.2565,2022-03-26,,,,,28778.0
,,,,2022-03-27,,,,,5936.0
2022-03-27 22:39:42-07:00,2022-03-28 06:48:42-07:00,8.15,35.4097,2022-03-28,,,,,8037.0
2022-03-28 23:54:54-07:00,2022-03-29 07:11:24-07:00,7.275,56.1198,2022-03-29,,,,,17105.0
2022-03-30 00:04:46-07:00,2022-03-30 07:21:46-07:00,7.283333333333333,35.1787,2022-03-30,,,,,20446.0
2022-03-30 23:57:57-07:00,2022-03-31 07:27:27-07:00,7.491666666666666,46.89665,2022-03-31,,,,,19420.0
2022-04-01 00:50:17-07:00,2022-04-01 06:53:17-07:00,6.05,45.62705,2022-04-01,,,,,27946.0
2022-04-02 01:46:56-07:00,2022-04-02 09:29:26-07:00,7.708333333333333,49.5994,2022-04-02,,,,,2066.0
2022-04-03 04:07:38-07:00,2022-04-03 09:22:08-07:00,5.241666666666666,58.8631,2022-04-03,,,,,5911.0
2022-04-04 02:41:03-07:00,2022-04-04 10:16:33-07:00,7.591666666666667,52.122299999999996,2022-04-04,,,,,753.0
2022-04-05 02:00:29-07:00,2022-04-05 09:24:59-07:00,7.408333333333333,48.81385,2022-04-05,,,,,12985.0
2022-04-06 01:19:26-07:00,2022-04-06 06:44:56-07:00,5.425,47.0258,2022-04-06,,,,,26159.0
2022-04-06 23:07:05-07:00,2022-04-07 06:47:05-07:00,7.666666666666667,44.7374,2022-04-07,,,,,19625.0
2022-04-08 01:00:13-07:00,2022-04-08 09:08:43-07:00,8.141666666666667,63.32385,2022-04-08,,,,,12240.0
,,,,2022-04-09,,,,,10528.0
2022-04-10 04:20:29-07:00,2022-04-10 09:55:59-07:00,5.591666666666667,47.8999,2022-04-10,,,,,8805.0
2022-04-11 00:08:15-07:00,2022-04-11 07:24:45-07:00,7.275,40.625699999999995,2022-04-11,,,,,21642.0
2022-04-12 01:19:40-07:00,2022-04-12 07:21:40-07:00,6.033333333333333,52.565,2022-04-12,,,,,19891.0
2022-04-12 23:56:44-07:00,2022-04-13 06:51:14-07:00,6.908333333333333,49.5655,2022-04-13,,,,,18132.0
2022-04-14 00:29:40-07:00,2022-04-14 07:22:10-07:00,6.875,28.337600000000002,2022-04-14,,,,,10130.0
2022-04-14 23:48:32-07:00,2022-04-15 07:28:02-07:00,7.658333333333333,44.9337,2022-04-15,,,,,19003.0
2022-04-16 02:12:20-07:00,2022-04-16 09:24:50-07:00,7.208333333333333,48.422,2022-04-16,,,,,12840.0
2022-04-17 03:05:40-07:00,2022-04-17 10:49:40-07:00,7.733333333333333,79.80115,2022-04-17,,,,,1967.0
2022-04-18 00:10:38-07:00,2022-04-18 07:28:38-07:00,7.3,54.102199999999996,2022-04-18,,,,,13389.0
2022-04-18 23:54:24-07:00,2022-04-19 07:29:54-07:00,7.591666666666667,29.5276,2022-04-19,,,,,10287.0
2022-04-20 00:55:59-07:00,2022-04-20 07:15:29-07:00,6.325,33.8401,2022-04-20,,,,,11687.0
2022-04-20 23:59:18-07:00,2022-04-21 07:36:18-07:00,7.616666666666666,96.31365,2022-04-21,,,,,11131.0
2022-04-22 00:02:40-07:00,2022-04-22 07:22:10-07:00,7.325,37.0323,2022-04-22,,,,,18096.0
,,,,2022-04-23,,,,,37494.0
2022-04-24 01:13:44-07:00,2022-04-24 09:25:14-07:00,8.191666666666666,60.074250000000006,2022-04-24,,,,,28159.0
2022-04-25 01:50:38-07:00,2022-04-25 07:28:38-07:00,5.633333333333334,47.6305,2022-04-25,,,,,20735.0
2022-04-25 23:54:20-07:00,2022-04-26 07:15:50-07:00,7.358333333333333,40.9233,2022-04-26,,,,,11921.0
,,,,2022-04-27,,,,,11999.0
2022-04-28 00:37:31-07:00,2022-04-28 07:23:31-07:00,6.766666666666667,44.89375,2022-04-28,,,,,14368.0
2022-04-29 00:14:59-07:00,2022-04-29 08:19:29-07:00,8.075,41.13305,2022-04-29,,,,,15923.0
2022-04-30 01:08:16-07:00,2022-04-30 10:24:46-07:00,9.275,74.24853333333333,2022-04-30,,,,,12746.0
2022-05-01 02:36:28-07:00,2022-05-01 10:19:28-07:00,7.716666666666667,70.38,2022-05-01,,,,,2147.0
2022-05-02 01:08:59-07:00,2022-05-02 07:12:29-07:00,6.058333333333334,64.40425,2022-05-02,,,,,21191.0
2022-05-03 00:00:27-07:00,2022-05-03 07:23:27-07:00,7.383333333333334,49.14595,2022-05-03,,,,,17347.0
2022-05-03 23:54:26-07:00,2022-05-04 07:19:56-07:00,7.425,21.5133,2022-05-04,,,,,14964.0
2022-05-04 23:39:14-07:00,2022-05-05 07:20:44-07:00,7.691666666666666,36.24295,2022-05-05,,,,,10659.0
2022-05-05 22:35:36-07:00,2022-05-06 08:25:06-07:00,9.825,17.9532,2022-05-06,,,,,14875.0
2022-05-06 23:40:36-07:00,2022-05-07 06:27:06-07:00,6.775,65.71325,2022-05-07,,,,,7886.0
,,,,2022-05-08,,,,,9154.0
2022-05-09 00:04:49-07:00,2022-05-09 07:24:19-07:00,7.325,33.25425,2022-05-09,,,,,16000.0
2022-05-09 23:54:55-07:00,2022-05-10 07:23:25-07:00,7.475,45.94695,2022-05-10,,,,,22803.0
2022-05-11 00:54:51-07:00,2022-05-11 07:24:51-07:00,6.5,31.28035,2022-05-11,,,,,12478.0
2022-05-12 00:21:42-07:00,2022-05-12 06:56:12-07:00,6.575,39.80445,2022-05-12,,,,,15172.0
2022-05-13 00:33:00-07:00,2022-05-13 07:24:30-07:00,6.858333333333333,29.63205,2022-05-13,,,,,13261.0
2022-05-14 00:57:34-07:00,2022-05-14 06:41:04-07:00,5.725,43.50795,2022-05-14,,,,,13504.0
2022-05-15 02:59:38-07:00,2022-05-15 09:42:38-07:00,6.716666666666667,93.59325,2022-05-15,,,,,8789.0
2022-05-15 23:51:09-07:00,2022-05-16 07:26:09-07:00,7.583333333333333,70.4632,2022-05-16,,,,,18127.0
2022-05-17 00:40:40-07:00,2022-05-17 07:24:40-07:00,6.733333333333333,37.4048,2022-05-17,,,,,35143.0
,,,,2022-05-18,,,,,17027.0
2022-05-19 00:16:57-07:00,2022-05-19 07:26:27-07:00,7.158333333333333,37.2207,2022-05-19,,,,,13244.0
2022-05-20 00:28:19-07:00,2022-05-20 07:25:49-07:00,6.958333333333333,34.5514,2022-05-20,,,,,21871.0
2022-05-21 02:17:42-07:00,2022-05-21 09:59:12-07:00,7.691666666666666,41.2338,2022-05-21,,,,,2683.0
2022-05-21 22:26:43-07:00,2022-05-22 06:15:13-07:00,7.808333333333334,39.03575,2022-05-22,,,,,3475.0
2022-05-23 00:44:32-07:00,2022-05-23 08:26:32-07:00,7.7,40.4747,2022-05-23,,,,,11457.0
2022-05-23 23:23:06-07:00,2022-05-24 07:25:06-07:00,8.033333333333333,75.4255,2022-05-24,,,,,4452.0
2022-05-25 00:50:11-07:00,2022-05-25 08:25:11-07:00,7.583333333333333,111.1034,2022-05-25,,,,,2766.0
2022-05-26 00:39:48-07:00,2022-05-26 07:23:18-07:00,6.725,61.7796,2022-05-26,,,,,22294.0
2022-05-27 02:35:33-07:00,2022-05-27 08:46:33-07:00,6.183333333333334,43.9555,2022-05-27,,,,,9508.0
2022-05-28 02:22:04-07:00,2022-05-28 09:44:04-07:00,7.366666666666666,37.1599,2022-05-28,,,,,14853.0
2022-05-29 02:58:08-07:00,2022-05-29 08:50:08-07:00,5.866666666666666,35.4722,2022-05-29,,,,,1421.0
,,,,2022-05-30,,,,,219.0
2022-05-31 01:06:18-07:00,2022-05-31 07:04:48-07:00,5.975,24.6239,2022-05-31,,,,,1310.0
,,,,2022-06-01,,,,,405.0
2022-06-02 01:50:59-07:00,2022-06-02 12:02:29-07:00,10.191666666666666,33.76005,2022-06-02,,,,,2807.0
2022-06-03 02:57:46-07:00,2022-06-03 12:15:46-07:00,9.3,58.877,2022-06-03,,,,,727.0
2022-06-04 01:50:43-07:00,2022-06-04 10:14:13-07:00,8.391666666666667,52.2915,2022-06-04,,,,,24561.0
2022-06-05 01:45:53-07:00,2022-06-05 12:00:53-07:00,10.25,52.545249999999996,2022-06-05,,,,,2314.0
2022-06-06 02:53:54-07:00,2022-06-06 10:08:24-07:00,7.241666666666666,48.9604,2022-06-06,,,,,7379.0
2022-06-07 02:38:13-07:00,2022-06-07 13:11:13-07:00,10.55,45.5763,2022-06-07,,,,,4863.0
2022-06-08 02:39:28-07:00,2022-06-08 08:30:28-07:00,5.85,72.1759,2022-06-08,,,,,14881.0
2022-06-09 01:57:50-07:00,2022-06-09 12:30:20-07:00,10.541666666666666,44.404566666666675,2022-06-09,,,,,2684.0
2022-06-10 03:06:54-07:00,2022-06-10 05:14:54-07:00,2.1333333333333333,133.192,2022-06-10,,,,,15060.0
2022-06-10 21:57:27-07:00,2022-06-11 04:56:57-07:00,6.991666666666666,40.3257,2022-06-11,,,,,22367.0
2022-06-11 21:46:03-07:00,2022-06-12 03:54:03-07:00,6.133333333333334,40.66035,2022-06-12,,,,,24868.0
2022-06-12 21:12:26-07:00,2022-06-13 03:02:56-07:00,5.841666666666667,68.6756,2022-06-13,,,,,19757.0
2022-06-13 21:24:56-07:00,2022-06-14 02:58:26-07:00,5.558333333333334,45.59,2022-06-14,,,,,21369.0
2022-06-14 23:03:25-07:00,2022-06-15 02:44:25-07:00,3.683333333333333,36.1663,2022-06-15,,,,,16914.0
2022-06-15 21:48:04-07:00,2022-06-16 03:39:04-07:00,5.85,75.96770000000001,2022-06-16,,,,,15755.0
,,,,2022-06-17,,,,,15459.0
2022-06-17 23:13:41-07:00,2022-06-18 06:31:41-07:00,7.3,44.091049999999996,2022-06-18,,,,,25816.0
2022-06-18 22:17:50-07:00,2022-06-18 23:32:50-07:00,1.25,,2022-06-18,,,,,25816.0
2022-06-19 04:20:20-07:00,2022-06-19 07:51:20-07:00,3.5166666666666666,42.728,2022-06-19,,,,,21953.0
2022-06-20 01:41:57-07:00,2022-06-20 05:13:27-07:00,3.525,41.5614,2022-06-20,,,,,22828.0
2022-06-21 02:04:22-07:00,2022-06-21 09:57:22-07:00,7.883333333333334,45.164649999999995,2022-06-21,,,,,19112.0
2022-06-22 04:25:09-07:00,2022-06-22 11:58:39-07:00,7.558333333333334,42.04495,2022-06-22,,,,,13639.0
2022-06-23 03:28:38-07:00,2022-06-23 11:20:38-07:00,7.866666666666666,56.25865,2022-06-23,,,,,15727.0
2022-06-24 03:04:17-07:00,2022-06-24 11:28:47-07:00,8.408333333333333,35.672399999999996,2022-06-24,,,,,13212.0
2022-06-25 00:59:55-07:00,2022-06-25 01:20:25-07:00,0.3416666666666667,,2022-06-25,,,,,12119.0
2022-06-25 05:22:55-07:00,2022-06-25 13:12:25-07:00,7.825,53.434650000000005,2022-06-25,,,,,12119.0
2022-06-26 05:37:03-07:00,2022-06-26 11:33:03-07:00,5.933333333333334,43.3344,2022-06-26,,,,,10480.0
,,,,2022-06-27,,,,,8060.0
2022-06-28 03:38:03-07:00,2022-06-28 12:22:33-07:00,8.741666666666667,35.77793333333333,2022-06-28,,,,,2323.0
,,,,2022-06-29,,,,,4076.0
2022-06-30 02:40:10-07:00,2022-06-30 10:59:40-07:00,8.325,37.66435,2022-06-30,,,,,9071.0
2022-07-01 03:30:01-07:00,2022-07-01 11:05:31-07:00,7.591666666666667,53.1957,2022-07-01,,,,,12581.0
2022-07-02 03:26:38-07:00,2022-07-02 09:00:08-07:00,5.558333333333334,,2022-07-02,,,,,6674.0
2022-07-03 02:04:27-07:00,2022-07-03 10:13:57-07:00,8.158333333333333,47.76095,2022-07-03,,,,,6984.0
2022-07-04 02:58:39-07:00,2022-07-04 11:18:39-07:00,8.333333333333334,45.77009999999999,2022-07-04,,,,,10489.0
,,,,2022-07-05,,,,,1121.0
2022-07-06 02:33:59-07:00,2022-07-06 12:01:29-07:00,9.458333333333334,69.9734,2022-07-06,,,,,4777.0
2022-07-07 02:29:38-07:00,2022-07-07 10:06:08-07:00,7.608333333333333,41.53895,2022-07-07,,,,,2446.0
2022-07-08 02:49:31-07:00,2022-07-08 11:33:31-07:00,8.733333333333333,55.13705,2022-07-08,,,,,3635.0
,,,,2022-07-09,,,,,8970.0
2022-07-10 03:05:19-07:00,2022-07-10 10:36:49-07:00,7.525,35.8835,2022-07-10,,,,,27265.0
2022-07-11 00:11:31-07:00,2022-07-11 06:39:31-07:00,6.466666666666667,62.07325,2022-07-11,,,,,32408.0
2022-07-12 00:46:43-07:00,2022-07-12 06:55:43-07:00,6.15,53.8612,2022-07-12,,,,,29970.0
2022-07-13 00:27:20-07:00,2022-07-13 06:57:50-07:00,6.508333333333334,38.2841,2022-07-13,,,,,30120.0
2022-07-14 00:40:25-07:00,2022-07-14 06:43:25-07:00,6.05,35.31435,2022-07-14,,,,,20222.0
2022-07-15 00:39:16-07:00,2022-07-15 07:30:16-07:00,6.85,43.04565,2022-07-15,,,,,42372.0
2022-07-16 01:44:13-07:00,2022-07-16 09:41:43-07:00,7.958333333333333,45.27345,2022-07-16,,,,,17819.0
2022-07-17 02:26:23-07:00,2022-07-17 10:18:23-07:00,7.866666666666666,66.4083,2022-07-17,,,,,26853.0
2022-07-18 00:36:33-07:00,2022-07-18 07:12:33-07:00,6.6,51.1999,2022-07-18,,,,,30701.0
2022-07-19 00:36:33-07:00,2022-07-19 07:36:03-07:00,6.991666666666666,54.76815,2022-07-19,,,,,31261.0
2022-07-20 01:23:28-07:00,2022-07-20 07:11:58-07:00,5.808333333333334,37.4726,2022-07-20,,,,,20544.0
2022-07-21 00:30:32-07:00,2022-07-21 07:31:32-07:00,7.016666666666667,47.41225,2022-07-21,,,,,29702.0
2022-07-22 00:36:49-07:00,2022-07-22 07:09:49-07:00,6.55,31.312150000000003,2022-07-22,,,,,34415.0
2022-07-23 01:15:44-07:00,2022-07-23 09:19:44-07:00,8.066666666666666,48.0404,2022-07-23,,,,,37215.0
2022-07-24 01:22:03-07:00,2022-07-24 09:34:03-07:00,8.2,44.848150000000004,2022-07-24,,,,,24003.0
2022-07-25 00:45:35-07:00,2022-07-25 07:45:35-07:00,7.0,48.73835,2022-07-25,,,,,33214.0
,,,,2022-07-26,,,,,26405.0
2022-07-27 00:04:51-07:00,2022-07-27 07:25:21-07:00,7.341666666666667,49.7414,2022-07-27,,,,,32908.0
2022-07-28 01:16:22-07:00,2022-07-28 07:00:22-07:00,5.733333333333333,39.3595,2022-07-28,,,,,34060.0
2022-07-29 01:13:03-07:00,2022-07-29 07:37:03-07:00,6.4,53.2058,2022-07-29,,,,,33246.0
2022-07-30 00:47:53-07:00,2022-07-30 07:27:53-07:00,6.666666666666667,44.050650000000005,2022-07-30,,,,,46872.0
2022-07-31 01:23:20-07:00,2022-07-31 07:52:50-07:00,6.491666666666666,43.5983,2022-07-31,,,,,25403.0
2022-08-01 00:58:05-07:00,2022-08-01 07:19:05-07:00,6.35,42.6211,2022-08-01,,,,,35159.0
,,,,2022-08-02,,,,,25317.0
2022-08-03 00:37:53-07:00,2022-08-03 07:21:23-07:00,6.725,45.092650000000006,2022-08-03,,,,,33518.0
2022-08-04 00:22:09-07:00,2022-08-04 07:04:39-07:00,6.708333333333333,38.26875,2022-08-04,,,,,33045.0
2022-08-05 04:03:52-07:00,2022-08-05 06:34:22-07:00,2.5083333333333333,48.8236,2022-08-05,,,,,24972.0
,,,,2022-08-06,,,,,15544.0
,,,,2022-08-07,,,,,19809.0
2022-08-07 23:31:39-07:00,2022-08-08 09:59:09-07:00,10.458333333333334,35.53236666666667,2022-08-08,,,,,1090.0
2022-08-09 03:01:20-07:00,2022-08-09 08:03:50-07:00,5.041666666666667,32.1759,2022-08-09,,,,,6027.0
,,,,2022-08-10,,,,,9025.0
2022-08-11 00:48:15-07:00,2022-08-11 07:51:45-07:00,7.058333333333334,31.022399999999998,2022-08-11,,,,,12229.0
2022-08-12 00:11:35-07:00,2022-08-12 07:58:05-07:00,7.775,36.3775,2022-08-12,,,,,12968.0
,,,,2022-08-13,,,,,3696.0
,,,,2022-08-14,,,,,2507.0
,,,,2022-08-15,,,,,16705.0
2022-08-16 01:35:35-07:00,2022-08-16 07:44:35-07:00,6.15,37.8619,2022-08-16,,,,,10611.0
,,,,2022-08-17,,,,,6951.0
2022-08-18 00:45:10-07:00,2022-08-18 07:49:10-07:00,7.066666666666666,48.9559,2022-08-18,,,,,10742.0
2022-08-19 01:19:53-07:00,2022-08-19 07:49:23-07:00,6.491666666666666,91.485,2022-08-19,,,,,21885.0
,,,,2022-08-20,,,,,7610.0
,,,,2022-08-21,,,,,6437.0
,,,,2022-08-22,,,,,20548.0
2022-08-23 00:48:26-07:00,2022-08-23 08:04:56-07:00,7.275,43.35065,2022-08-23,,,,,12420.0
2022-08-24 03:19:05-07:00,2022-08-24 07:52:35-07:00,4.558333333333334,47.4473,2022-08-24,,,,,9424.0
2022-08-25 01:01:32-07:00,2022-08-25 07:38:32-07:00,6.616666666666666,35.1681,2022-08-25,,,,,10120.0
,,,,2022-08-26,,,,,17984.0
2022-08-27 02:22:43-07:00,2022-08-27 10:05:43-07:00,7.716666666666667,34.0336,2022-08-27,,,,,7565.0
2022-08-28 02:36:58-07:00,2022-08-28 09:16:58-07:00,6.666666666666667,49.3951,2022-08-28,,,,,9408.0
2022-08-29 01:19:53-07:00,2022-08-29 07:55:23-07:00,6.591666666666667,29.0853,2022-08-29,,,,,12710.0
2022-08-30 00:58:39-07:00,2022-08-30 07:55:09-07:00,6.941666666666666,76.0231,2022-08-30,,,,,16106.0
2022-08-31 01:07:52-07:00,2022-08-31 06:54:22-07:00,5.775,73.2987,2022-08-31,,,,,20500.0
2022-09-01 00:50:46-07:00,2022-09-01 07:41:16-07:00,6.841666666666667,32.1563,2022-09-01,,,,,10417.0
2022-09-02 02:29:25-07:00,2022-09-02 09:44:55-07:00,7.258333333333334,35.271950000000004,2022-09-02,,,,,14772.0
2022-09-03 03:01:01-07:00,2022-09-03 07:26:01-07:00,4.416666666666667,34.2251,2022-09-03,,,,,23812.0
,,,,2022-09-04,,,,,6303.0
,,,,2022-09-05,,,,,2328.0
2022-09-06 02:11:08-07:00,2022-09-06 07:28:08-07:00,5.283333333333333,61.8575,2022-09-06,,,,,12502.0
2022-09-07 01:27:31-07:00,2022-09-07 07:57:01-07:00,6.491666666666666,20.0357,2022-09-07,,,,,8706.0
2022-09-08 01:54:55-07:00,2022-09-08 07:56:25-07:00,6.025,22.6977,2022-09-08,,,,,11096.0
,,,,2022-09-09,,,,,19238.0
2022-09-10 01:22:30-07:00,2022-09-10 06:36:30-07:00,5.233333333333333,25.7646,2022-09-10,,,,,10833.0
,,,,2022-09-11,,,,,223.0
,,,,2022-09-12,,,,,14710.0
,,,,2022-09-13,,,,,11614.0
2022-09-14 01:07:41-07:00,2022-09-14 07:59:11-07:00,6.858333333333333,54.04555,2022-09-14,,,,,8372.0
2022-09-15 01:26:39-07:00,2022-09-15 07:35:09-07:00,6.141666666666667,49.326899999999995,2022-09-15,,,,,8466.0
,,,,2022-09-16,,,,,14642.0
,,,,2022-09-17,,,,,4736.0
,,,,2022-09-18,,,,,701.0
2022-09-19 00:54:00-07:00,2022-09-19 07:44:30-07:00,6.841666666666667,75.289,2022-09-19,,,,,14000.0
2022-09-20 01:42:55-07:00,2022-09-20 07:42:55-07:00,6.0,21.792,2022-09-20,,,,,9779.0
2022-09-21 01:04:29-07:00,2022-09-21 07:39:29-07:00,6.583333333333333,61.395799999999994,2022-09-21,0.16666666666666666,1.275,4.166666666666667,0.9750000000000001,8935.0
2022-09-22 01:16:35-07:00,2022-09-22 07:54:35-07:00,6.633333333333334,58.29644999999999,2022-09-22,0.20833333333333331,1.0,4.658333333333333,0.7666666666666667,11547.0
2022-09-23 00:44:55-07:00,2022-09-23 07:59:55-07:00,7.25,25.184150000000002,2022-09-23,0.29166666666666663,1.55,4.708333333333334,0.7,11235.0
2022-09-24 01:04:27-07:00,2022-09-24 09:09:27-07:00,8.083333333333334,,2022-09-24,0.525,2.05,3.9833333333333334,1.525,15931.0
,,,,2022-09-25,,,,,557.0
,,,,2022-09-26,,,,,347.0
2022-09-27 01:03:53-07:00,2022-09-27 07:41:23-07:00,6.625,33.05445,2022-09-27,0.19166666666666665,1.5916666666666666,3.691666666666667,1.15,8880.0
2022-09-28 00:56:44-07:00,2022-09-28 08:01:14-07:00,7.075,54.71735,2022-09-28,0.475,1.4416666666666667,4.316666666666666,0.8416666666666667,10326.0
2022-09-29 01:20:15-07:00,2022-09-29 07:44:45-07:00,6.408333333333333,30.5372,2022-09-29,0.06666666666666667,1.2416666666666667,4.066666666666666,1.0333333333333332,8925.0
2022-09-30 02:09:14-07:00,2022-09-30 07:57:44-07:00,5.808333333333334,32.937,2022-09-30,0.20833333333333331,1.0750000000000002,3.9499999999999997,0.575,17273.0
,,,,2022-10-01,,,,,10872.0
,,,,2022-10-02,,,,,1130.0
2022-10-03 00:45:36-07:00,2022-10-03 07:53:06-07:00,7.125,50.263149999999996,2022-10-03,0.1,1.5416666666666667,4.125,1.3583333333333334,13479.0
2022-10-04 01:18:23-07:00,2022-10-04 07:50:53-07:00,6.541666666666667,39.438250000000004,2022-10-04,0.06666666666666667,1.6333333333333333,3.675,1.1666666666666665,9920.0
,,,,2022-10-05,,,,,11307.0
2022-10-06 00:41:37-07:00,2022-10-06 07:17:07-07:00,6.591666666666667,44.0687,2022-10-06,0.058333333333333334,1.9166666666666667,3.7,0.9166666666666666,14729.0
2022-10-07 01:07:15-07:00,2022-10-07 07:24:45-07:00,6.291666666666667,36.858,2022-10-07,0.08333333333333334,1.2166666666666668,4.241666666666666,0.75,22262.0
2022-10-08 02:13:02-07:00,2022-10-08 11:42:32-07:00,9.491666666666667,57.01149999999999,2022-10-08,0.3666666666666667,2.0416666666666665,6.491666666666667,0.5916666666666667,5439.0
2022-10-09 02:24:25-07:00,2022-10-09 09:48:25-07:00,7.4,119.99,2022-10-09,0.2583333333333333,1.4916666666666667,4.5,1.15,5159.0
2022-10-10 00:33:28-07:00,2022-10-10 07:56:28-07:00,7.383333333333334,49.3,2022-10-10,0.1,1.775,4.2,1.3083333333333333,19023.0
2022-10-11 01:04:49-07:00,2022-10-11 07:55:19-07:00,6.841666666666667,30.0708,2022-10-11,0.35833333333333334,1.45,3.8583333333333334,1.1749999999999998,9795.0
2022-10-12 00:24:31-07:00,2022-10-12 06:49:31-07:00,6.416666666666667,57.3714,2022-10-12,0.09166666666666666,1.2833333333333332,4.366666666666667,0.675,22316.0
2022-10-13 01:18:32-07:00,2022-10-13 07:17:32-07:00,5.983333333333333,33.2736,2022-10-13,0.14166666666666666,0.775,3.9916666666666667,1.075,12166.0
2022-10-14 00:53:26-07:00,2022-10-14 07:50:26-07:00,6.95,,2022-10-14,0.19999999999999998,1.6666666666666665,4.141666666666667,0.9416666666666667,19283.0
2022-10-15 02:30:11-07:00,2022-10-15 11:46:11-07:00,9.266666666666667,36.468450000000004,2022-10-15,0.125,2.4583333333333335,5.15,1.9916666666666667,9480.0
2022-10-15 23:47:49-07:00,2022-10-16 05:59:49-07:00,6.2,39.27295,2022-10-16,0.13333333333333333,1.2916666666666667,3.3583333333333334,0.9583333333333334,15427.0
2022-10-17 00:29:16-07:00,2022-10-17 07:54:16-07:00,7.416666666666667,21.3413,2022-10-17,0.325,1.1416666666666666,4.925,1.025,18158.0
2022-10-18 01:07:47-07:00,2022-10-18 07:52:47-07:00,6.75,35.754850000000005,2022-10-18,0.058333333333333334,1.6,3.6166666666666667,1.475,11117.0
2022-10-19 01:09:40-07:00,2022-10-19 07:36:10-07:00,6.441666666666666,38.100300000000004,2022-10-19,0.1,1.5,3.6833333333333336,1.1583333333333334,12653.0
2022-10-20 00:14:24-07:00,2022-10-20 07:47:24-07:00,7.55,54.2346,2022-10-20,0.15833333333333333,1.8333333333333333,4.383333333333334,1.175,14618.0
2022-10-21 00:58:50-07:00,2022-10-21 07:34:50-07:00,6.6,44.046099999999996,2022-10-21,0.19166666666666665,1.325,3.9833333333333334,1.1,17140.0
2022-10-22 01:22:38-07:00,2022-10-22 09:08:08-07:00,7.758333333333334,36.8006,2022-10-22,0.13333333333333333,2.0583333333333336,4.175,1.3916666666666666,21500.0
2022-10-23 01:45:51-07:00,2022-10-23 08:28:21-07:00,6.708333333333333,45.78,2022-10-23,0.06666666666666667,1.45,3.8666666666666667,1.3250000000000002,4595.0
2022-10-24 00:24:45-07:00,2022-10-24 07:46:15-07:00,7.358333333333333,,2022-10-24,0.16666666666666666,1.8,4.441666666666666,0.95,12721.0
2022-10-25 00:20:09-07:00,2022-10-25 07:17:39-07:00,6.958333333333333,48.3867,2022-10-25,0.15,1.3250000000000002,4.191666666666666,1.2916666666666667,11845.0
2022-10-26 00:19:20-07:00,2022-10-26 07:53:50-07:00,7.575,32.79115,2022-10-26,0.10833333333333334,1.5250000000000001,4.925000000000001,1.0166666666666666,11293.0
2022-10-27 01:00:39-07:00,2022-10-27 07:38:09-07:00,6.625,39.9427,2022-10-27,0.35,1.1416666666666666,3.9416666666666664,1.1916666666666667,9915.0
2022-10-28 00:43:40-07:00,2022-10-28 07:56:40-07:00,7.216666666666667,,2022-10-28,0.425,1.8583333333333334,3.775,1.1583333333333334,21673.0
2022-10-29 01:53:06-07:00,2022-10-29 09:00:06-07:00,7.116666666666666,30.591949999999997,2022-10-29,0.15,1.2333333333333334,4.716666666666667,1.0166666666666666,7329.0
2022-10-30 01:04:56-07:00,2022-10-30 08:23:56-07:00,7.316666666666666,13.37255,2022-10-30,2.8333333333333335,0.38333333333333336,3.475,0.625,11310.0
2022-10-31 01:47:16-07:00,2022-10-31 07:53:16-07:00,6.1,29.4973,2022-10-31,0.13333333333333333,1.1083333333333334,4.016666666666667,0.8416666666666666,15641.0
2022-11-01 01:45:01-07:00,2022-11-01 08:03:01-07:00,6.3,34.3859,2022-11-01,0.4083333333333333,1.5416666666666667,3.1666666666666665,1.1833333333333333,16079.0
2022-11-02 00:52:30-07:00,2022-11-02 07:54:30-07:00,7.033333333333333,38.0135,2022-11-02,0.075,1.6749999999999998,4.233333333333333,1.0499999999999998,9770.0
2022-11-03 01:45:14-07:00,2022-11-03 07:55:44-07:00,6.175,52.169,2022-11-03,0.3416666666666667,1.0833333333333333,3.908333333333333,0.8416666666666666,13245.0
,,,,2022-11-04,,,,,11487.0
2022-11-05 00:36:13-07:00,2022-11-05 05:34:43-07:00,4.975,53.8643,2022-11-05,0.06666666666666667,0.8833333333333333,2.975,1.0499999999999998,16333.0
2022-11-06 00:51:39-07:00,2022-11-06 06:24:39-07:00,5.55,47.4578,2022-11-06,0.10833333333333334,1.0416666666666667,3.5666666666666664,1.2416666666666667,17377.0
2022-11-06 23:37:01-07:00,2022-11-07 08:30:31-07:00,8.891666666666667,51.7388,2022-11-07,1.0916666666666668,1.825,4.441666666666666,1.125,10115.0
2022-11-08 01:25:32-07:00,2022-11-08 08:36:32-07:00,7.183333333333334,41.2338,2022-11-08,0.13333333333333333,1.3166666666666667,4.841666666666667,0.8916666666666666,8260.0
2022-11-09 01:19:54-07:00,2022-11-09 08:41:24-07:00,7.358333333333333,36.263400000000004,2022-11-09,0.09999999999999999,1.675,4.35,1.2333333333333334,11903.0
2022-11-10 02:02:23-07:00,2022-11-10 08:42:23-07:00,6.666666666666667,44.1365,2022-11-10,0.08333333333333333,1.4916666666666667,3.966666666666667,1.125,13961.0
,,,,2022-11-11,,,,,8822.0
,,,,2022-11-12,,,,,2744.0
2022-11-13 04:52:44-07:00,2022-11-13 12:49:44-07:00,7.95,28.56205,2022-11-13,0.13333333333333333,1.55,4.983333333333333,1.2833333333333332,2746.0
2022-11-14 01:50:01-07:00,2022-11-14 08:53:31-07:00,7.058333333333334,57.15925,2022-11-14,0.09166666666666666,1.1166666666666667,4.875,0.9749999999999999,14619.0
2022-11-15 02:02:47-07:00,2022-11-15 08:54:47-07:00,6.866666666666666,42.97855,2022-11-15,0.1,1.6083333333333334,4.208333333333333,0.9500000000000001,10504.0
2022-11-16 01:32:43-07:00,2022-11-16 08:56:13-07:00,7.391666666666667,43.25975,2022-11-16,0.15833333333333333,1.7333333333333334,4.733333333333333,0.7666666666666667,12518.0
2022-11-17 03:08:18-07:00,2022-11-17 08:38:18-07:00,5.5,56.290800000000004,2022-11-17,0.15,0.9916666666666667,3.591666666666667,0.7666666666666666,12259.0
2022-11-18 01:58:01-07:00,2022-11-18 08:59:01-07:00,7.016666666666667,38.22195,2022-11-18,0.15833333333333333,1.4416666666666667,4.541666666666667,0.875,23779.0
2022-11-19 01:59:37-07:00,2022-11-19 07:34:37-07:00,5.583333333333333,46.0644,2022-11-19,0.058333333333333334,1.2750000000000001,3.175,1.075,10436.0
,,,,2022-11-20,,,,,7319.0
2022-11-21 02:58:13-07:00,2022-11-21 09:44:43-07:00,6.775,43.6513,2022-11-21,0.049999999999999996,1.5166666666666666,4.158333333333333,1.05,31568.0
,,,,2022-11-22,,,,,12898.0
2022-11-23 03:43:05-07:00,2022-11-23 11:44:35-07:00,8.025,48.81385,2022-11-23,0.09166666666666666,1.975,4.916666666666667,1.0416666666666665,2676.0
2022-11-24 02:02:57-07:00,2022-11-24 10:58:57-07:00,8.933333333333334,13.9695,2022-11-24,2.1333333333333333,0.5333333333333333,5.908333333333333,0.35833333333333334,13375.0
2022-11-25 00:51:03-07:00,2022-11-25 11:11:33-07:00,10.341666666666667,28.9657,2022-11-25,0.7083333333333334,1.1666666666666665,7.925,0.5416666666666666,3066.0
,,,,2022-11-26,,,,,14492.0
2022-11-27 03:00:01-07:00,2022-11-27 11:20:31-07:00,8.341666666666667,57.237500000000004,2022-11-27,0.9166666666666667,1.1916666666666667,4.933333333333334,1.3,21030.0
2022-11-28 02:31:23-07:00,2022-11-28 08:54:53-07:00,6.391666666666667,37.3558,2022-11-28,0.225,1.4,4.075,0.6916666666666667,8499.0
2022-11-29 02:14:30-07:00,2022-11-29 09:00:30-07:00,6.766666666666667,100.46199999999999,2022-11-29,0.35833333333333334,1.0250000000000001,4.158333333333333,1.225,13768.0
2022-11-30 01:39:39-07:00,2022-11-30 08:49:09-07:00,7.158333333333333,76.2294,2022-11-30,0.26666666666666666,1.3166666666666667,4.575,1.0,16877.0
,,,,2022-12-01,,,,,11654.0
,,,,2022-12-02,,,,,8129.0
,,,,2022-12-03,,,,,2015.0
2022-12-04 03:07:01-07:00,2022-12-04 11:25:01-07:00,8.3,71.46334999999999,2022-12-04,0.4916666666666667,1.675,5.358333333333333,0.7749999999999999,2112.0
,,,,2022-12-05,,,,,26269.0
,,,,2022-12-06,,,,,7039.0
,,,,2022-12-07,,,,,9578.0
,,,,2022-12-08,,,,,10829.0
2022-12-09 15:55:36-07:00,2022-12-09 15:55:36-07:00,0.0,,2022-12-09,,,,,26031.0
2022-12-10 00:30:30-07:00,2022-12-10 06:29:30-07:00,5.983333333333333,49.11005,2022-12-10,0.03333333333333333,1.0166666666666666,4.033333333333333,0.9,16811.0
2022-12-11 02:09:26-07:00,2022-12-11 10:04:26-07:00,7.916666666666667,45.7601,2022-12-11,0.058333333333333334,1.7999999999999998,5.591666666666667,0.4666666666666667,23549.0
2022-12-12 01:48:22-07:00,2022-12-12 08:44:22-07:00,6.933333333333334,53.293000000000006,2022-12-12,0.10833333333333334,1.0916666666666666,4.641666666666667,1.0916666666666668,14641.0
2022-12-13 02:09:49-07:00,2022-12-13 08:37:49-07:00,6.466666666666667,30.1612,2022-12-13,0.16666666666666666,1.55,3.0416666666666665,1.7083333333333335,6631.0
2022-12-14 01:07:20-07:00,2022-12-14 09:06:50-07:00,7.991666666666666,35.047,2022-12-14,0.06666666666666667,1.7000000000000002,4.941666666666666,1.2833333333333334,8343.0
,,,,2022-12-15,,,,,12566.0
2022-12-16 01:40:26-07:00,2022-12-16 09:03:26-07:00,7.383333333333334,29.1559,2022-12-16,0.15833333333333333,1.85,4.366666666666667,1.0083333333333333,21353.0
2022-12-17 03:12:12-07:00,2022-12-17 11:00:12-07:00,7.8,83.0385,2022-12-17,0.09166666666666666,1.7999999999999998,4.691666666666666,1.2166666666666668,6443.0
,,,,2022-12-18,,,,,146.0
,,,,2022-12-19,,,,,12364.0
2022-12-20 01:22:12-07:00,2022-12-20 08:55:12-07:00,7.55,59.8566,2022-12-20,0.15,1.65,4.841666666666667,0.9083333333333333,9325.0
2022-12-21 02:18:47-07:00,2022-12-21 08:54:47-07:00,6.6,35.4783,2022-12-21,0.16666666666666669,1.35,4.166666666666667,0.9166666666666666,7006.0
2022-12-22 01:31:38-07:00,2022-12-22 08:52:38-07:00,7.35,35.33585,2022-12-22,0.31666666666666665,1.475,4.55,1.0083333333333333,7266.0
2022-12-23 00:25:19-07:00,2022-12-23 13:07:49-07:00,12.708333333333334,36.1898,2022-12-23,3.191666666666667,2.066666666666667,5.341666666666667,2.1083333333333334,10870.0
,,,,2022-12-24,,,,,9505.0
2022-12-25 09:24:40-07:00,2022-12-25 15:19:40-07:00,5.916666666666667,55.15645,2022-12-25,0.175,1.125,3.958333333333333,0.6583333333333333,20283.0
2022-12-26 08:09:37-07:00,2022-12-26 15:17:37-07:00,7.133333333333334,44.537099999999995,2022-12-26,0.075,1.775,4.183333333333334,1.0999999999999999,21392.0
,,,,2022-12-27,,,,,24572.0
2022-12-28 08:49:04-07:00,2022-12-28 15:01:04-07:00,6.2,40.62325,2022-12-28,0.008333333333333333,1.3333333333333333,4.158333333333333,0.7,16299.0
,,,,2022-12-29,,,,,14391.0
,,,,2022-12-30,,,,,22104.0
2022-12-31 09:53:33-07:00,2022-12-31 15:46:33-07:00,5.883333333333334,53.48835,2022-12-31,0.24166666666666667,1.0,3.975,0.6666666666666667,40051.0
2023-01-01 10:01:36-07:00,2023-01-01 17:04:06-07:00,7.041666666666667,50.102050000000006,2023-01-01,0.075,1.8916666666666666,4.025,1.05,30087.0
,,,,2023-01-02,,,,,38526.0
2023-01-03 10:11:13-07:00,2023-01-03 17:00:13-07:00,6.816666666666666,50.95845,2023-01-03,0.175,1.3,3.975,1.3666666666666667,29350.0
,,,,2023-01-04,,,,,16441.0
2023-01-05 03:53:16-07:00,2023-01-05 15:34:46-07:00,11.691666666666666,46.466,2023-01-05,0.31666666666666665,2.6833333333333336,7.833333333333333,0.8583333333333333,11687.0
,,,,2023-01-06,,,,,11960.0
,,,,2023-01-07,,,,,6486.0
,,,,2023-01-08,,,,,6075.0
2023-01-09 01:39:58-07:00,2023-01-09 08:41:28-07:00,7.025,43.9785,2023-01-09,0.18333333333333335,1.2916666666666667,4.775,0.775,8840.0
2023-01-09 10:53:04-07:00,2023-01-09 10:53:04-07:00,0.0,,2023-01-09,0.18333333333333335,1.2916666666666667,4.775,0.775,8840.0
,,,,2023-01-10,,,,,9558.0
2023-01-11 02:14:44-07:00,2023-01-11 08:49:44-07:00,6.583333333333333,38.845,2023-01-11,0.35,1.05,4.208333333333333,0.975,9491.0
,,,,2023-01-12,,,,,9397.0
2023-01-13 05:09:16-07:00,2023-01-13 08:46:46-07:00,3.625,30.0149,2023-01-13,0.14166666666666666,0.35833333333333334,2.2083333333333335,0.9166666666666666,15917.0
,,,,2023-01-14,,,,,11311.0
2023-01-15 07:07:16-07:00,2023-01-15 13:30:46-07:00,6.391666666666667,40.071600000000004,2023-01-15,0.15,1.4666666666666668,4.075,0.7,6501.0
,,,,2023-01-16,,,,,13315.0
,,,,2023-01-17,,,,,12373.0
,,,,2023-01-18,,,,,18116.0
2023-01-19 02:59:45-07:00,2023-01-19 09:00:15-07:00,6.008333333333334,41.9862,2023-01-19,0.06666666666666667,1.5250000000000001,3.125,1.2916666666666667,11705.0
,,,,2023-01-20,,,,,15463.0
2023-01-21 03:39:32-07:00,2023-01-21 11:04:02-07:00,7.408333333333333,46.7184,2023-01-21,0.075,2.275,4.375,0.7916666666666667,7252.0
2023-01-21 23:55:03-07:00,2023-01-22 06:22:03-07:00,6.45,46.6396,2023-01-22,0.325,1.0250000000000001,4.6,0.39166666666666666,22942.0
,,,,2023-01-23,,,,,11284.0
2023-01-24 03:27:38-07:00,2023-01-24 08:22:08-07:00,4.908333333333333,38.159,2023-01-24,0.075,1.0,2.4916666666666667,1.3416666666666668,11993.0
2023-01-25 02:16:29-07:00,2023-01-25 09:00:29-07:00,6.733333333333333,35.7179,2023-01-25,0.016666666666666666,1.9083333333333332,3.9833333333333334,0.825,12258.0
2023-01-26 01:12:11-07:00,2023-01-26 09:00:11-07:00,7.8,85.23949999999999,2023-01-26,0.06666666666666667,1.9,4.616666666666666,1.2166666666666666,15253.0
2023-01-27 02:10:48-07:00,2023-01-27 08:38:18-07:00,6.458333333333333,48.305400000000006,2023-01-27,0.275,1.1,3.5666666666666664,1.5166666666666666,20759.0
2023-01-28 00:15:10-07:00,2023-01-28 06:54:40-07:00,6.658333333333333,29.59505,2023-01-28,0.11666666666666667,1.225,4.4,0.9166666666666667,14454.0
2023-01-29 01:24:34-07:00,2023-01-29 10:46:34-07:00,9.366666666666667,104.4791,2023-01-29,0.16666666666666666,1.9833333333333334,6.441666666666666,0.775,1011.0
2023-01-30 01:25:39-07:00,2023-01-30 08:58:39-07:00,7.55,55.01905,2023-01-30,0.16666666666666669,1.7166666666666666,4.558333333333334,1.1083333333333334,10831.0
,,,,2023-01-31,,,,,9346.0
2023-02-01 02:22:18-07:00,2023-02-01 08:57:48-07:00,6.591666666666667,35.5855,2023-02-01,0.049999999999999996,1.75,3.675,1.1166666666666667,13538.0
2023-02-02 03:42:36-07:00,2023-02-02 08:57:36-07:00,5.25,39.289249999999996,2023-02-02,0.041666666666666664,0.8416666666666667,3.533333333333333,0.8333333333333334,13239.0
2023-02-03 01:11:56-07:00,2023-02-03 08:56:26-07:00,7.741666666666666,37.068,2023-02-03,0.049999999999999996,1.7666666666666666,5.008333333333333,0.9166666666666666,18871.0
,,,,2023-02-04,,,,,13715.0
,,,,2023-02-05,,,,,1357.0
2023-02-06 00:31:23-07:00,2023-02-06 08:28:53-07:00,7.958333333333333,43.677,2023-02-06,0.06666666666666667,2.1083333333333334,5.191666666666666,0.5916666666666667,12187.0
,,,,2023-02-07,,,,,9839.0
,,,,2023-02-08,,,,,10691.0
,,,,2023-02-09,,,,,11265.0
,,,,2023-02-10,,,,,11981.0
,,,,2023-02-11,,,,,12924.0
2023-02-12 01:04:53-07:00,2023-02-12 06:32:23-07:00,5.458333333333333,53.8436,2023-02-12,0.13333333333333333,1.25,3.0833333333333335,0.9916666666666667,13408.0
,,,,2023-02-13,,,,,10273.0
,,,,2023-02-14,,,,,7071.0
,,,,2023-02-15,,,,,11239.0
,,,,2023-02-16,,,,,8454.0
,,,,2023-02-17,,,,,7468.0
,,,,2023-02-18,,,,,5522.0
2023-02-19 02:52:39-07:00,2023-02-19 06:51:09-07:00,3.975,75.5796,2023-02-19,0.5833333333333334,0.07500000000000001,2.4916666666666667,0.8250000000000001,15916.0
,,,,2023-02-20,,,,,15771.0
2023-02-21 01:50:34-07:00,2023-02-21 08:56:04-07:00,7.091666666666667,33.89135,2023-02-21,0.23333333333333334,2.091666666666667,3.7916666666666665,0.9750000000000001,9198.0
,,,,2023-02-22,,,,,8285.0
,,,,2023-02-23,,,,,12866.0
,,,,2023-02-24,,,,,5711.0
2023-02-25 00:19:44-07:00,2023-02-25 06:16:44-07:00,5.95,32.28905,2023-02-25,0.10833333333333334,0.7583333333333333,4.141666666666667,0.9416666666666667,20216.0
,,,,2023-02-26,,,,,6350.0
2023-02-27 01:15:23-07:00,2023-02-27 08:57:23-07:00,7.7,69.4439,2023-02-27,0.18333333333333335,1.8583333333333334,4.5,1.1583333333333332,12229.0
2023-02-28 01:49:32-07:00,2023-02-28 08:50:02-07:00,7.008333333333334,153.111,2023-02-28,0.21666666666666667,1.425,4.225,1.1416666666666666,7026.0
,,,,2023-03-01,,,,,8388.0
,,,,2023-03-02,,,,,5484.0
,,,,2023-03-03,,,,,10359.0
,,,,2023-03-04,,,,,8140.0
2023-03-05 02:19:46-07:00,2023-03-05 09:18:16-07:00,6.975,49.14185,2023-03-05,0.15833333333333333,1.5583333333333336,4.466666666666667,0.7916666666666666,4618.0
2023-03-06 00:51:38-07:00,2023-03-06 08:59:08-07:00,8.125,43.64725,2023-03-06,0.2833333333333333,1.5333333333333332,5.2,1.1083333333333334,14048.0
,,,,2023-03-07,,,,,10313.0
2023-03-08 01:35:34-07:00,2023-03-08 08:31:04-07:00,6.925,37.35705,2023-03-08,0.21666666666666667,1.6749999999999998,4.15,0.8833333333333333,29643.0
,,,,2023-03-09,,,,,21889.0
,,,,2023-03-10,,,,,14377.0
,,,,2023-03-11,,,,,23093.0
,,,,2023-03-12,0.058333333333333334,,0.9916666666666667,0.3333333333333333,17313.0
2023-03-12 22:56:03-07:00,2023-03-13 07:43:33-07:00,8.791666666666666,33.1803,2023-03-13,0.23333333333333334,1.8833333333333333,5.133333333333334,0.15833333333333333,9854.0
2023-03-14 02:35:01-07:00,2023-03-14 07:30:01-07:00,4.916666666666667,32.882,2023-03-14,0.18333333333333335,0.875,2.5500000000000003,1.3083333333333331,6919.0
,,,,2023-03-15,,,,,7143.0
,,,,2023-03-16,,,,,9614.0
,,,,2023-03-17,,,,,8796.0
,,,,2023-03-18,,,,,13258.0
,,,,2023-03-19,,,,,3990.0
2023-03-20 01:13:25-07:00,2023-03-20 07:39:55-07:00,6.441666666666666,38.8023,2023-03-20,0.016666666666666666,1.2750000000000001,4.458333333333333,0.6916666666666667,13397.0
,,,,2023-03-21,,,,,10608.0
,,,,2023-03-22,,,,,8860.0
,,,,2023-03-23,,,,,11423.0
,,,,2023-03-24,,,,,11594.0
,,,,2023-03-25,,,,,6927.0
2023-03-26 02:54:28-07:00,2023-03-26 06:53:28-07:00,3.9833333333333334,73.6929,2023-03-26,0.11666666666666665,0.6749999999999999,2.35,1.3,12354.0
2023-03-26 23:55:46-07:00,2023-03-27 07:44:16-07:00,7.808333333333334,33.262249999999995,2023-03-27,0.2,1.6916666666666667,4.233333333333333,1.225,8986.0
,,,,2023-03-28,,,,,22468.0
2023-03-29 00:57:55-07:00,2023-03-29 06:58:55-07:00,6.016666666666667,61.73,2023-03-29,0.025,1.2416666666666667,3.8916666666666666,0.8583333333333334,8465.0
,,,,2023-03-30,,,,,8666.0
2023-03-31 02:25:11-07:00,2023-03-31 07:54:11-07:00,5.483333333333333,107.596,2023-03-31,0.125,1.05,3.1416666666666666,1.1666666666666667,17563.0
,,,,2023-04-01,,,,,11311.0
,,,,2023-04-02,,,,,98.0
,,,,2023-04-03,,,,,9214.0
,,,,2023-04-04,,,,,10825.0
,,,,2023-04-05,,,,,17557.0
,,,,2023-04-06,,,,,31047.0
2023-04-07 01:09:30-07:00,2023-04-07 06:00:00-07:00,4.841666666666667,32.6986,2023-04-07,0.016666666666666666,1.0666666666666667,3.2083333333333335,0.55,21166.0
2023-04-08 01:35:32-07:00,2023-04-08 05:54:32-07:00,4.316666666666666,61.306349999999995,2023-04-08,0.18333333333333335,0.7666666666666667,2.5749999999999997,0.7916666666666666,22302.0
2023-04-09 03:43:29-07:00,2023-04-09 07:55:29-07:00,4.2,38.2207,2023-04-09,0.125,0.4666666666666667,2.7,0.9083333333333333,4480.0
,,,,2023-04-10,,,,,24864.0
2023-04-11 01:54:37-07:00,2023-04-11 09:59:07-07:00,8.075,49.494299999999996,2023-04-11,0.20833333333333331,1.6416666666666666,4.666666666666667,1.5583333333333336,2289.0
,,,,2023-04-12,,,,,4385.0
,,,,2023-04-13,,,,,4242.0
2023-04-14 01:01:31-07:00,2023-04-14 08:53:01-07:00,7.858333333333333,44.00795,2023-04-14,0.15833333333333333,1.8666666666666665,4.541666666666666,1.2916666666666665,17989.0
2023-04-15 02:01:10-07:00,2023-04-15 08:57:10-07:00,6.933333333333334,24.46095,2023-04-15,0.049999999999999996,1.4916666666666667,4.9,1.1916666666666667,4499.0
2023-04-15 23:25:51-07:00,2023-04-16 06:19:21-07:00,6.891666666666667,38.0648,2023-04-16,0.4083333333333333,1.1333333333333333,4.208333333333333,0.44166666666666665,6452.0
,,,,2023-04-17,,,,,10090.0
,,,,2023-04-18,,,,,7636.0
,,,,2023-04-19,,,,,11159.0
,,,,2023-04-20,,,,,14355.0
2023-04-21 01:11:06-07:00,2023-04-21 06:18:36-07:00,5.125,53.4371,2023-04-21,0.11666666666666667,0.7583333333333333,3.216666666666667,2.0583333333333336,19745.0
2023-04-21 23:05:59-07:00,2023-04-22 05:14:59-07:00,6.15,39.889849999999996,2023-04-22,0.058333333333333334,1.325,3.5166666666666666,0.95,13427.0
2023-04-22 23:24:26-07:00,2023-04-23 05:01:56-07:00,5.625,35.422,2023-04-23,0.058333333333333334,0.8833333333333333,2.95,1.0083333333333333,10781.0
,,,,2023-04-24,,,,,5598.0
,,,,2023-04-25,,,,,9925.0
,,,,2023-04-26,,,,,19117.0
,,,,2023-04-27,,,,,14606.0
,,,,2023-04-28,,,,,8019.0
,,,,2023-04-29,,,,,3203.0
2023-04-29 23:56:32-07:00,2023-04-30 08:39:02-07:00,8.708333333333334,44.861850000000004,2023-04-30,0.06666666666666667,2.125,4.925,1.525,5633.0
,,,,2023-05-01,,,,,8246.0
2023-05-02 01:13:01-07:00,2023-05-02 07:45:01-07:00,6.533333333333333,99.5739,2023-05-02,0.09166666666666667,1.325,3.775,1.3416666666666668,11803.0
,,,,2023-05-03,,,,,20521.0
2023-05-04 01:21:49-07:00,2023-05-04 07:26:49-07:00,6.083333333333333,64.0708,2023-05-04,0.15,1.3416666666666668,3.8666666666666667,0.725,15567.0
,,,,2023-05-05,,,,,8847.0
,,,,2023-05-06,,,,,14375.0
,,,,2023-05-07,,,,,12802.0
,,,,2023-05-08,,,,,17847.0
,,,,2023-05-09,,,,,11621.0
,,,,2023-05-10,,,,,9395.0
,,,,2023-05-11,,,,,17347.0
,,,,2023-05-12,,,,,16716.0
,,,,2023-05-13,,,,,11430.0
2023-05-14 02:30:36-07:00,2023-05-14 10:12:36-07:00,7.7,37.9688,2023-05-14,0.08333333333333333,1.5916666666666668,5.058333333333334,0.9666666666666667,17668.0
,,,,2023-05-15,,,,,16165.0
2023-05-16 00:53:56-07:00,2023-05-16 06:38:56-07:00,5.75,87.6638,2023-05-16,0.08333333333333334,1.2583333333333333,3.0083333333333333,1.4,28097.0
,,,,2023-05-17,,,,,13588.0
,,,,2023-05-18,,,,,16659.0
,,,,2023-05-19,,,,,29957.0
,,,,2023-05-20,,,,,6734.0
,,,,2023-05-21,,,,,3826.0
,,,,2023-05-22,,,,,12743.0
,,,,2023-05-23,,,,,12779.0
,,,,2023-05-24,,,,,12882.0
,,,,2023-05-25,,,,,15385.0
2023-05-26 02:29:10-07:00,2023-05-26 09:25:10-07:00,6.933333333333334,49.345,2023-05-26,0.4083333333333334,1.2000000000000002,4.625,0.7000000000000001,18140.0
,,,,2023-05-27,,,,,10911.0
,,,,2023-05-28,,,,,11861.0
,,,,2023-05-29,,,,,32302.0
,,,,2023-05-30,,,,,10748.0
,,,,2023-05-31,,,,,16081.0
,,,,2023-06-01,,,,,7266.0
,,,,2023-06-02,,,,,8172.0
,,,,2023-06-03,,,,,21477.0
,,,,2023-06-04,,,,,2700.0
,,,,2023-06-05,,,,,20112.0
,,,,2023-06-06,,,,,5766.0
,,,,2023-06-07,,,,,5282.0
,,,,2023-06-08,,,,,4899.0
,,,,2023-06-09,,,,,17402.0
,,,,2023-06-10,,,,,2416.0
,,,,2023-06-11,,,,,4873.0
,,,,2023-06-12,,,,,11244.0
,,,,2023-06-13,,,,,6574.0
,,,,2023-06-14,,,,,16022.0
,,,,2023-06-15,,,,,5049.0
2023-06-16 02:16:31-07:00,2023-06-16 10:19:31-07:00,8.05,48.0501,2023-06-16,0.058333333333333334,1.8166666666666667,5.266666666666667,0.9083333333333333,16533.0
,,,,2023-06-17,,,,,3344.0
2023-06-18 04:32:13-07:00,2023-06-18 09:39:43-07:00,5.125,67.77545,2023-06-18,0.058333333333333334,0.9083333333333333,3.2416666666666667,0.9166666666666667,11855.0
,,,,2023-06-19,,,,,9089.0
,,,,2023-06-20,,,,,7335.0
,,,,2023-06-21,,,,,13588.0
,,,,2023-06-22,,,,,1939.0
,,,,2023-06-23,,,,,11263.0
,,,,2023-06-24,,,,,14810.0
,,,,2023-06-25,,,,,64.0
,,,,2023-06-26,,,,,12233.0
,,,,2023-06-27,,,,,6978.0
,,,,2023-06-28,,,,,19543.0
,,,,2023-06-29,,,,,13371.0
,,,,2023-06-30,,,,,19277.0
2023-07-01 00:32:06-07:00,2023-07-01 10:58:36-07:00,10.441666666666666,50.983399999999996,2023-07-01,1.0583333333333333,1.9416666666666667,6.091666666666667,1.35,7344.0
2023-07-02 01:03:23-07:00,2023-07-02 09:48:23-07:00,8.75,84.43405,2023-07-02,0.6916666666666667,0.75,6.483333333333333,0.8250000000000001,29753.0
,,,,2023-07-03,,,,,6135.0
,,,,2023-07-04,,,,,14222.0
,,,,2023-07-05,,,,,12325.0
,,,,2023-07-06,,,,,9225.0
2023-07-07 01:37:31-07:00,2023-07-07 07:33:31-07:00,5.933333333333334,42.0258,2023-07-07,0.08333333333333333,0.95,3.7916666666666665,1.1083333333333332,18860.0
,,,,2023-07-08,,,,,22623.0
,,,,2023-07-09,,,,,125.0
,,,,2023-07-10,,,,,16982.0
,,,,2023-07-11,,,,,11619.0
,,,,2023-07-12,,,,,14543.0
,,,,2023-07-13,,,,,7083.0
,,,,2023-07-14,,,,,20846.0
,,,,2023-07-15,,,,,189.0
,,,,2023-07-16,,,,,7930.0
,,,,2023-07-17,,,,,10361.0
,,,,2023-07-18,,,,,7828.0
,,,,2023-07-19,,,,,20343.0
2023-07-20 00:22:53-07:00,2023-07-20 07:57:53-07:00,7.583333333333333,44.4714,2023-07-20,0.225,1.5666666666666667,4.991666666666667,0.8,12589.0
2023-07-21 01:43:30-07:00,2023-07-21 04:42:30-07:00,2.9833333333333334,65.8254,2023-07-21,0.125,,,,42252.0
,,,,2023-07-22,,,,,30385.0
2023-07-22 23:58:31-07:00,2023-07-23 07:53:01-07:00,7.908333333333333,43.238,2023-07-23,0.39999999999999997,1.4666666666666666,5.016666666666667,0.8333333333333334,42136.0
2023-07-24 00:14:06-07:00,2023-07-24 07:49:06-07:00,7.583333333333333,59.377,2023-07-24,0.15,1.7333333333333334,4.891666666666667,0.8083333333333333,20658.0
,,,,2023-07-25,,,,,13738.0
2023-07-26 01:22:03-07:00,2023-07-26 07:53:03-07:00,6.516666666666667,,2023-07-26,0.9666666666666667,1.2166666666666668,3.725,0.6083333333333333,10782.0
2023-07-27 00:22:10-07:00,2023-07-27 08:24:40-07:00,8.041666666666666,36.5314,2023-07-27,0.6916666666666667,1.6083333333333334,4.541666666666667,1.2,1684.0
2023-07-28 02:45:32-07:00,2023-07-28 07:53:02-07:00,5.125,43.7085,2023-07-28,1.1333333333333333,0.5833333333333333,3.85,2.333333333333333,17371.0
2023-07-28 21:43:35-07:00,2023-07-29 09:54:05-07:00,12.175,64.85763333333334,2023-07-29,0.6,2.0083333333333333,6.791666666666667,,9307.0
2023-07-30 01:43:47-07:00,2023-07-30 09:08:17-07:00,7.408333333333333,,2023-07-30,0.22499999999999998,2.1,4.291666666666667,0.7916666666666667,2874.0
2023-07-31 00:46:30-07:00,2023-07-31 08:50:30-07:00,8.066666666666666,46.8015,2023-07-31,0.13333333333333333,2.033333333333333,5.1499999999999995,0.75,2370.0
2023-08-01 00:02:46-07:00,2023-08-01 08:34:46-07:00,8.533333333333333,42.593,2023-08-01,0.35833333333333334,2.125,5.133333333333333,0.9166666666666667,7268.0
2023-08-02 00:36:25-07:00,2023-08-02 07:18:55-07:00,6.708333333333333,38.90415,2023-08-02,0.9583333333333334,1.1083333333333334,4.208333333333333,0.43333333333333335,10352.0
,,,,2023-08-03,,,,,3047.0
,,,,2023-08-04,0.6916666666666667,0.016666666666666666,0.5166666666666666,1.2916666666666665,15767.0
2023-08-04 21:58:16-07:00,2023-08-05 09:37:16-07:00,11.65,54.98779999999999,2023-08-05,0.6583333333333333,1.9333333333333333,6.175,0.36666666666666664,3345.0
,,,,2023-08-06,,,,,4476.0
,,,,2023-08-07,,,,,11732.0
,,,,2023-08-08,0.08333333333333333,,0.31666666666666665,,15453.0
2023-08-08 23:39:01-07:00,2023-08-09 06:59:31-07:00,7.341666666666667,70.5391,2023-08-09,0.36666666666666664,1.4666666666666668,4.191666666666666,0.9166666666666666,14745.0
,,,,2023-08-10,,,,,8190.0
,,,,2023-08-11,,,,,15168.0
2023-08-12 00:47:39-07:00,2023-08-12 08:00:39-07:00,7.216666666666667,78.91645,2023-08-12,0.16666666666666666,1.4083333333333332,4.691666666666666,0.95,13300.0
,,,,2023-08-13,,,,,15702.0
2023-08-14 00:30:41-07:00,2023-08-14 08:34:41-07:00,8.066666666666666,63.59135,2023-08-14,0.05,1.8083333333333333,5.2,1.0083333333333333,11849.0
,,,,2023-08-15,,,,,7178.0
2023-08-15 23:43:48-07:00,2023-08-16 07:23:48-07:00,7.666666666666667,66.67255,2023-08-16,0.2916666666666667,1.2166666666666668,4.758333333333334,0.9666666666666667,13124.0
,,,,2023-08-17,,,,,6735.0
,,,,2023-08-18,,,,,15473.0
,,,,2023-08-19,,,,,8884.0
,,,,2023-08-20,,,,,192.0
,,,,2023-08-21,0.05,,0.6416666666666667,,8977.0
2023-08-21 23:23:08-07:00,2023-08-22 07:45:38-07:00,8.375,36.06325,2023-08-22,0.125,2.0416666666666665,4.708333333333333,0.8083333333333333,12670.0
,,,,2023-08-23,,,,,7075.0
,,,,2023-08-24,,,,,12224.0
,,,,2023-08-25,,,,,14476.0
,,,,2023-08-26,,,,,4244.0
,,,,2023-08-27,,,,,7161.0
,,,,2023-08-28,,,,,8038.0
2023-08-28 23:04:00-07:00,2023-08-29 07:29:30-07:00,8.425,40.4291,2023-08-29,0.21666666666666667,1.8416666666666666,4.725,1.0083333333333333,11794.0
2023-08-29 23:05:43-07:00,2023-08-30 08:28:43-07:00,9.383333333333333,54.08326666666667,2023-08-30,0.5416666666666667,1.5916666666666666,5.483333333333333,0.8333333333333334,11405.0
,,,,2023-08-31,,,,,12983.0
,,,,2023-09-01,,,,,19205.0
,,,,2023-09-02,,,,,4686.0
,,,,2023-09-03,,,,,13001.0
,,,,2023-09-04,0.025,,0.8333333333333334,0.45,8628.0
2023-09-04 22:45:22-07:00,2023-09-05 07:29:52-07:00,8.741666666666667,39.3339,2023-09-05,0.175,1.8583333333333334,4.841666666666667,0.5583333333333333,6708.0
,,,,2023-09-06,,,,,15390.0
,,,,2023-09-07,,,,,11381.0
,,,,2023-09-08,,,,,17284.0
,,,,2023-09-09,,,,,5193.0
,,,,2023-09-10,,,,,7222.0
,,,,2023-09-11,,,,,12065.0
,,,,2023-09-12,,,,,18403.0
,,,,2023-09-13,,,,,5704.0
,,,,2023-09-14,,,,,11120.0
,,,,2023-09-15,,,,,27272.0
,,,,2023-09-16,,,,,12680.0
,,,,2023-09-17,,,,,2838.0
,,,,2023-09-18,,,,,7329.0
,,,,2023-09-19,,,,,17025.0
,,,,2023-09-20,,,,,4319.0
,,,,2023-09-21,,,,,18436.0
,,,,2023-09-22,,,,,25124.0
,,,,2023-09-23,,,,,2311.0
,,,,2023-09-24,,,,,13231.0
,,,,2023-09-25,,,,,18108.0
,,,,2023-09-26,,,,,13804.0
,,,,2023-09-27,,,,,6826.0
,,,,2023-09-28,,,,,10505.0
,,,,2023-09-29,,,,,16445.0
,,,,2023-09-30,,,,,15295.0
,,,,2023-10-01,,,,,19331.0
,,,,2023-10-02,,,,,6304.0
,,,,2023-10-03,0.008333333333333333,,0.2833333333333333,0.2833333333333333,7581.0
2023-10-03 23:38:00-07:00,2023-10-04 08:24:00-07:00,8.766666666666667,38.31735,2023-10-04,0.2,1.9666666666666668,5.0,1.025,8382.0
,,,,2023-10-05,,,,,7491.0
2023-10-06 01:49:00-07:00,2023-10-06 08:31:30-07:00,6.708333333333333,41.831199999999995,2023-10-06,0.275,1.3416666666666668,4.183333333333334,0.9083333333333333,10038.0
,,,,2023-10-07,,,,,3705.0
,,,,2023-10-08,,,,,202.0
,,,,2023-10-09,,,,,8807.0
,,,,2023-10-10,,,,,5423.0
,,,,2023-10-11,,,,,6930.0
,,,,2023-10-12,,,,,8312.0
,,,,2023-10-13,,,,,24763.0
,,,,2023-10-14,,,,,2253.0
,,,,2023-10-15,,,,,6748.0
2023-10-16 01:51:04-07:00,2023-10-16 08:31:04-07:00,6.666666666666667,36.4686,2023-10-16,0.09166666666666667,1.2666666666666666,4.241666666666667,1.0666666666666667,15260.0
,,,,2023-10-17,,,,,10343.0
,,,,2023-10-18,,,,,7104.0
,,,,2023-10-19,,,,,11040.0
,,,,2023-10-20,,,,,22587.0
2023-10-21 01:17:30-07:00,2023-10-21 07:16:00-07:00,5.975,42.90315,2023-10-21,0.058333333333333334,1.2083333333333335,3.15,1.5583333333333333,5040.0
,,,,2023-10-22,0.008333333333333333,,0.4,,16147.0
2023-10-22 23:37:43-07:00,2023-10-23 07:42:43-07:00,8.083333333333334,27.710700000000003,2023-10-23,0.3833333333333333,1.95,3.6166666666666667,1.725,9714.0
,,,,2023-10-24,2.65,0.2,0.30833333333333335,0.6083333333333333,10664.0
2023-10-24 20:42:03-07:00,2023-10-25 08:19:03-07:00,11.616666666666667,32.223,2023-10-25,0.4083333333333333,2.041666666666667,4.916666666666667,0.48333333333333334,12002.0
,,,,2023-10-26,,,,,8585.0
,,,,2023-10-27,,,,,20516.0
,,,,2023-10-28,,,,,17748.0
2023-10-29 01:53:30-07:00,2023-10-29 08:43:30-07:00,6.833333333333333,66.09875,2023-10-29,0.1,1.6416666666666666,4.158333333333333,0.9333333333333333,3945.0
,,,,2023-10-30,,,,,15302.0
,,,,2023-10-31,,,,,12250.0
,,,,2023-11-01,,,,,9556.0
,,,,2023-11-02,,,,,6943.0
,,,,2023-11-03,,,,,12286.0
,,,,2023-11-04,,,,,21241.0
,,,,2023-11-05,,,,,18681.0
,,,,2023-11-06,,,,,12672.0
,,,,2023-11-07,,,,,5501.0
,,,,2023-11-08,,,,,7241.0
,,,,2023-11-09,,,,,15088.0
,,,,2023-11-10,,,,,6290.0
,,,,2023-11-11,,,,,4750.0
2023-11-12 01:40:37-07:00,2023-11-12 08:46:37-07:00,7.1,37.491550000000004,2023-11-12,0.05,1.7833333333333334,4.433333333333334,0.8333333333333333,648.0
,,,,2023-11-13,,,,,12180.0
,,,,2023-11-14,,,,,11049.0
2023-11-15 02:10:13-07:00,2023-11-15 09:55:13-07:00,7.75,70.99665,2023-11-15,0.25833333333333336,1.6333333333333333,5.316666666666666,0.5416666666666666,11428.0
,,,,2023-11-16,,,,,18104.0
,,,,2023-11-17,,,,,15700.0
,,,,2023-11-18,,,,,6203.0
,,,,2023-11-19,,,,,4247.0
,,,,2023-11-20,,,,,9437.0
,,,,2023-11-21,,,,,12634.0
,,,,2023-11-22,,,,,9029.0
,,,,2023-11-23,1.5416666666666667,,0.6083333333333334,,13787.0
2023-11-23 21:54:33-07:00,2023-11-24 08:04:33-07:00,10.166666666666666,,2023-11-24,0.9166666666666665,1.525,4.841666666666667,0.7333333333333334,25997.0
,,,,2023-11-25,,,,,5518.0
,,,,2023-11-26,,,,,6871.0
2023-11-27 03:37:17-07:00,2023-11-27 10:45:17-07:00,7.133333333333334,40.5039,2023-11-27,0.10833333333333334,1.75,3.716666666666667,1.5583333333333331,10103.0
,,,,2023-11-28,,,,,4340.0
,,,,2023-11-29,,,,,8458.0
,,,,2023-11-30,,,,,9079.0
,,,,2023-12-01,,,,,22217.0
,,,,2023-12-02,,,,,1326.0
,,,,2023-12-03,,,,,3127.0
,,,,2023-12-04,,,,,18854.0
,,,,2023-12-05,,,,,10344.0
,,,,2023-12-06,,,,,5000.0
,,,,2023-12-07,,,,,11706.0
,,,,2023-12-08,,,,,18717.0
,,,,2023-12-09,,,,,14130.0
,,,,2023-12-10,,,,,5710.0
,,,,2023-12-11,,,,,6907.0
,,,,2023-12-12,,,,,11591.0
,,,,2023-12-13,,,,,5627.0
,,,,2023-12-14,,,,,10538.0
,,,,2023-12-15,,,,,10909.0
,,,,2023-12-16,,,,,6798.0
,,,,2023-12-17,,,,,2610.0
,,,,2023-12-18,,,,,8750.0
,,,,2023-12-19,,,,,10857.0
,,,,2023-12-20,,,,,7701.0
,,,,2023-12-21,,,,,14066.0
,,,,2023-12-22,,,,,11730.0
,,,,2023-12-23,,,,,3943.0
,,,,2023-12-24,,,,,28.0
,,,,2023-12-25,,,,,5939.0
2023-12-26 01:18:50-07:00,2023-12-26 09:36:20-07:00,8.291666666666666,52.51275,2023-12-26,0.375,1.4333333333333333,5.558333333333334,0.925,1413.0
,,,,2023-12-27,,,,,8489.0
2023-12-28 04:27:46-07:00,2023-12-28 07:20:46-07:00,2.8833333333333333,33.9858,2023-12-28,0.19166666666666665,,,,8841.0
,,,,2023-12-29,,,,,19079.0
,,,,2023-12-30,,,,,16213.0
2023-12-31 09:42:19-07:00,2023-12-31 16:16:19-07:00,6.566666666666666,33.28275,2023-12-31,0.16666666666666666,1.3583333333333334,3.6583333333333337,1.3833333333333333,36792.0
,,,,2024-01-01,,,,,32209.0
,,,,2024-01-02,,,,,19509.0
2024-01-03 08:34:16-07:00,2024-01-03 16:00:16-07:00,7.433333333333334,27.9873,2024-01-03,0.20833333333333331,1.6333333333333333,4.791666666666667,0.8,23649.0
,,,,2024-01-04,,,,,19885.0
2024-01-05 05:05:56-07:00,2024-01-05 16:40:56-07:00,11.583333333333334,39.143025,2024-01-05,2.1,1.9166666666666667,5.925,1.6416666666666666,26612.0
2024-01-06 11:27:46-07:00,2024-01-06 14:44:46-07:00,3.283333333333333,155.452,2024-01-06,0.08333333333333333,0.4583333333333333,2.033333333333333,0.7083333333333334,46283.0
2024-01-07 04:44:59-07:00,2024-01-07 07:22:59-07:00,2.6333333333333333,,2024-01-07,0.049999999999999996,,,,8134.0
,,,,2024-01-08,,,,,8056.0
,,,,2024-01-09,,,,,4356.0
2024-01-10 01:18:54-07:00,2024-01-10 08:26:54-07:00,7.133333333333334,33.0384,2024-01-10,0.3666666666666667,1.5833333333333333,3.8916666666666666,1.2916666666666667,10116.0
,,,,2024-01-11,,,,,9630.0
,,,,2024-01-12,0.08333333333333333,,1.3416666666666666,0.85,16848.0
2024-01-12 21:46:28-07:00,2024-01-13 10:08:28-07:00,12.366666666666667,51.15983333333333,2024-01-13,2.625,2.25,4.9,0.31666666666666665,8034.0
,,,,2024-01-14,,,,,8548.0
,,,,2024-01-15,,,,,6427.0
2024-01-16 01:25:02-07:00,2024-01-16 09:46:32-07:00,8.358333333333333,36.79925,2024-01-16,0.09166666666666667,2.025,5.266666666666667,0.975,8267.0
,,,,2024-01-17,,,,,16951.0
,,,,2024-01-18,,,,,7547.0
2024-01-19 02:33:55-07:00,2024-01-19 08:04:55-07:00,5.516666666666667,28.0441,2024-01-19,0.25,1.1083333333333334,2.6666666666666665,1.4916666666666667,1895.0
,,,,2024-01-20,,,,,138.0
,,,,2024-01-21,,,,,232.0
,,,,2024-01-22,,,,,4324.0
2024-01-23 00:48:26-07:00,2024-01-23 08:51:26-07:00,8.05,,2024-01-23,0.1,2.225,4.716666666666667,1.0083333333333333,5922.0
2024-01-24 00:50:39-07:00,2024-01-24 08:35:09-07:00,7.741666666666666,32.357299999999995,2024-01-24,0.21666666666666667,1.6583333333333334,4.508333333333333,1.3583333333333334,11343.0
2024-01-25 02:20:17-07:00,2024-01-25 08:34:47-07:00,6.241666666666666,55.72065,2024-01-25,0.1,1.3583333333333334,3.9166666666666665,0.8666666666666667,9936.0
2024-01-26 01:53:55-07:00,2024-01-26 08:14:25-07:00,6.341666666666667,39.81525,2024-01-26,0.09166666666666666,1.2416666666666667,4.408333333333333,0.6,27222.0
,,,,2024-01-27,,,,,15970.0
,,,,2024-01-28,,,,,4493.0
2024-01-29 02:46:25-07:00,2024-01-29 10:22:25-07:00,7.6,60.665499999999994,2024-01-29,0.2833333333333333,1.5416666666666667,4.2,1.575,10704.0
2024-01-30 00:40:02-07:00,2024-01-30 08:42:32-07:00,8.041666666666666,51.6854,2024-01-30,0.13333333333333333,2.0166666666666666,4.683333333333334,1.2083333333333333,14933.0
2024-01-31 01:37:01-07:00,2024-01-31 08:41:01-07:00,7.066666666666666,91.01769999999999,2024-01-31,0.16666666666666666,1.4833333333333334,4.383333333333334,1.0333333333333334,10633.0
2024-02-01 01:11:43-07:00,2024-02-01 08:36:43-07:00,7.416666666666667,60.650600000000004,2024-02-01,0.15833333333333333,1.75,4.258333333333334,1.25,22012.0
2024-02-02 00:08:38-07:00,2024-02-02 08:55:08-07:00,8.775,40.4721,2024-02-02,0.1,2.1416666666666666,5.358333333333333,1.175,15103.0
2024-02-03 03:57:15-07:00,2024-02-03 10:59:15-07:00,7.033333333333333,34.5154,2024-02-03,0.3916666666666666,1.45,4.1,1.0916666666666668,9656.0
2024-02-04 02:02:44-07:00,2024-02-04 09:38:44-07:00,7.6,42.97965,2024-02-04,0.15,1.475,5.208333333333333,0.7666666666666666,7307.0
2024-02-05 01:33:25-07:00,2024-02-05 09:29:55-07:00,7.941666666666666,39.94365,2024-02-05,0.18333333333333332,1.0666666666666667,5.7,0.9916666666666667,14576.0
2024-02-06 01:08:36-07:00,2024-02-06 08:42:36-07:00,7.566666666666666,35.8099,2024-02-06,0.325,1.5,4.625,1.1166666666666667,12454.0
2024-02-07 01:06:17-07:00,2024-02-07 08:55:17-07:00,7.816666666666666,73.33965,2024-02-07,0.5333333333333333,1.8083333333333333,4.858333333333333,0.6166666666666667,9708.0
2024-02-08 00:55:32-07:00,2024-02-08 09:01:32-07:00,8.1,36.9797,2024-02-08,0.35,1.5499999999999998,5.508333333333333,0.6916666666666667,13457.0
2024-02-09 01:57:35-07:00,2024-02-09 09:14:35-07:00,7.283333333333333,63.810449999999996,2024-02-09,0.6499999999999999,1.4,4.191666666666666,1.0416666666666667,18796.0
2024-02-10 02:47:11-07:00,2024-02-10 11:55:11-07:00,9.133333333333333,36.925533333333334,2024-02-10,0.325,2.091666666666667,5.183333333333334,1.5333333333333334,991.0
2024-02-11 02:22:15-07:00,2024-02-11 09:54:15-07:00,7.533333333333333,35.8441,2024-02-11,0.6916666666666667,1.375,4.216666666666667,1.25,1261.0
2024-02-12 02:55:09-07:00,2024-02-12 07:54:39-07:00,4.991666666666666,34.8219,2024-02-12,0.23333333333333334,0.9583333333333334,2.8666666666666667,0.9333333333333332,21795.0
,,,,2024-02-13,0.23333333333333334,,0.05,,45419.0
2024-02-13 23:56:32-07:00,2024-02-14 07:39:02-07:00,7.708333333333333,55.6969,2024-02-14,0.43333333333333335,1.725,4.2,1.0666666666666667,29912.0
2024-02-15 00:15:50-07:00,2024-02-15 07:52:50-07:00,7.616666666666666,,2024-02-15,0.2,1.3583333333333334,4.95,1.1083333333333334,50625.0
,,,,2024-02-16,,,,,25689.0
,,,,2024-02-17,,,,,1651.0
,,,,2024-02-18,,,,,5937.0
2024-02-19 03:46:54-07:00,2024-02-19 10:00:24-07:00,6.225,31.089349999999996,2024-02-19,0.05,1.3666666666666667,3.583333333333333,1.2249999999999999,10126.0
2024-02-20 01:15:27-07:00,2024-02-20 09:11:27-07:00,7.933333333333334,34.47865,2024-02-20,0.21666666666666667,2.033333333333333,4.908333333333333,0.775,14386.0
,,,,2024-02-21,,,,,7086.0
2024-02-22 00:40:36-07:00,2024-02-22 09:29:36-07:00,8.816666666666666,75.4128,2024-02-22,0.31666666666666665,1.5083333333333335,5.691666666666666,1.3,8148.0
2024-02-23 01:48:57-07:00,2024-02-23 09:10:27-07:00,7.358333333333333,55.7868,2024-02-23,0.3,1.575,4.658333333333333,0.825,21160.0
,,,,2024-02-24,,,,,12981.0
2024-02-25 01:20:13-07:00,2024-02-25 09:32:43-07:00,8.208333333333334,33.76535,2024-02-25,0.23333333333333334,1.9249999999999998,5.083333333333333,0.9666666666666668,1604.0
2024-02-26 01:34:02-07:00,2024-02-26 08:36:02-07:00,7.033333333333333,48.066900000000004,2024-02-26,0.3333333333333333,1.7416666666666667,3.8333333333333335,1.125,3092.0
2024-02-27 01:51:32-07:00,2024-02-27 09:02:02-07:00,7.175,26.7709,2024-02-27,0.09166666666666666,1.4833333333333332,4.508333333333334,1.0916666666666668,20203.0
2024-02-28 01:40:14-07:00,2024-02-28 08:26:14-07:00,6.766666666666667,42.5149,2024-02-28,0.13333333333333333,1.2666666666666666,4.366666666666666,1.0,14384.0
2024-02-29 01:20:51-07:00,2024-02-29 08:35:21-07:00,7.241666666666666,120.79114999999999,2024-02-29,0.125,1.7583333333333333,4.725,0.6333333333333333,14414.0
2024-03-01 01:05:34-07:00,2024-03-01 08:35:34-07:00,7.5,52.1991,2024-03-01,0.05,2.0083333333333333,4.391666666666667,1.0499999999999998,13919.0
2024-03-02 02:29:58-07:00,2024-03-02 10:57:58-07:00,8.466666666666667,57.788349999999994,2024-03-02,0.2,2.033333333333333,4.533333333333333,1.7000000000000002,1971.0
2024-03-03 02:21:14-07:00,2024-03-03 10:00:14-07:00,7.65,63.559400000000004,2024-03-03,0.06666666666666667,1.8666666666666665,4.5,1.2166666666666666,8190.0
2024-03-04 01:04:07-07:00,2024-03-04 09:53:07-07:00,8.816666666666666,58.6764,2024-03-04,0.39166666666666666,1.975,5.583333333333333,0.8666666666666667,15287.0
2024-03-05 00:57:18-07:00,2024-03-05 08:34:48-07:00,7.625,31.74955,2024-03-05,0.3333333333333333,0.9666666666666667,5.275,1.05,15086.0
2024-03-06 01:32:26-07:00,2024-03-06 08:11:26-07:00,6.65,45.920649999999995,2024-03-06,0.225,1.2416666666666667,3.9833333333333334,1.2,14950.0
2024-03-07 01:27:44-07:00,2024-03-07 08:36:14-07:00,7.141666666666667,48.75835,2024-03-07,0.21666666666666667,1.3833333333333333,4.316666666666666,1.225,16331.0
2024-03-08 01:01:23-07:00,2024-03-08 08:29:53-07:00,7.475,61.250299999999996,2024-03-08,0.24166666666666667,1.6083333333333334,5.008333333333333,0.6166666666666667,14279.0
,,,,2024-03-09,,,,,8934.0
2024-03-10 02:13:47-07:00,2024-03-10 09:09:47-07:00,6.933333333333334,41.3718,2024-03-10,0.075,2.091666666666667,3.658333333333333,1.1083333333333334,12283.0
2024-03-11 00:12:28-07:00,2024-03-11 07:44:58-07:00,7.541666666666667,28.2177,2024-03-11,0.058333333333333334,1.6666666666666665,5.241666666666666,1.0,9518.0
2024-03-11 23:48:31-07:00,2024-03-12 07:48:31-07:00,8.0,,2024-03-12,0.10833333333333334,2.1333333333333333,4.616666666666667,0.7166666666666667,19091.0
2024-03-13 02:07:32-07:00,2024-03-13 06:54:02-07:00,4.775,23.8941,2024-03-13,0.35000000000000003,1.025,3.041666666666667,0.6166666666666667,12591.0
2024-03-13 23:45:23-07:00,2024-03-14 07:36:53-07:00,7.858333333333333,49.89735,2024-03-14,0.075,1.75,4.808333333333334,0.9666666666666667,20557.0
2024-03-15 00:26:53-07:00,2024-03-15 05:46:53-07:00,5.333333333333333,52.6014,2024-03-15,0.18333333333333332,0.5083333333333333,3.7583333333333333,1.2333333333333334,20275.0
2024-03-15 23:43:01-07:00,2024-03-16 05:49:01-07:00,6.1,42.9454,2024-03-16,0.11666666666666667,1.3166666666666667,3.308333333333333,1.0083333333333333,23829.0
,,,,2024-03-17,0.058333333333333334,,0.3833333333333333,0.6833333333333333,21646.0
2024-03-17 23:15:49-07:00,2024-03-18 08:29:49-07:00,9.233333333333333,49.4533,2024-03-18,0.275,2.75,4.908333333333333,0.175,13361.0
2024-03-19 01:47:25-07:00,2024-03-19 08:02:25-07:00,6.25,30.0961,2024-03-19,0.18333333333333335,1.4666666666666668,4.008333333333334,2.908333333333333,13283.0
2024-03-19 21:42:38-07:00,2024-03-20 07:17:08-07:00,9.575,57.70526666666667,2024-03-20,0.30833333333333335,1.775,5.175,,12170.0
,,,,2024-03-21,,,,,19675.0
,,,,2024-03-22,,,,,10415.0
2024-03-23 00:30:24-07:00,2024-03-23 07:29:54-07:00,6.991666666666666,40.1618,2024-03-23,0.09166666666666667,1.3583333333333334,4.525,1.0166666666666666,14350.0
,,,,2024-03-24,,,,,2126.0
2024-03-24 23:36:11-07:00,2024-03-25 06:50:11-07:00,7.233333333333333,69.39695,2024-03-25,0.10833333333333334,1.8,4.133333333333334,0.25,9592.0
,,,,2024-03-26,,,,,26373.0
2024-03-27 01:54:12-07:00,2024-03-27 09:03:12-07:00,7.15,56.66165,2024-03-27,0.1,1.8916666666666666,4.175,0.9833333333333334,12267.0
,,,,2024-03-28,,,,,11217.0
,,,,2024-03-29,,,,,15852.0
,,,,2024-03-30,,,,,16530.0
2024-03-31 00:11:29-07:00,2024-03-31 08:34:29-07:00,8.383333333333333,52.7791,2024-03-31,0.4,1.85,5.083333333333333,1.05,11069.0
2024-04-01 00:58:57-07:00,2024-04-01 08:55:27-07:00,7.941666666666666,73.0243,2024-04-01,0.48333333333333334,1.8666666666666667,4.875,0.7166666666666667,16890.0
,,,,2024-04-02,,,,,24036.0
,,,,2024-04-03,,,,,6625.0
2024-04-04 01:21:49-07:00,2024-04-04 07:44:49-07:00,6.383333333333334,89.8062,2024-04-04,0.225,1.3583333333333334,4.533333333333333,1.0,12904.0
2024-04-04 23:24:59-07:00,2024-04-05 05:43:59-07:00,6.316666666666666,107.47175,2024-04-05,0.38333333333333336,0.85,3.35,1.0,23207.0
2024-04-06 01:54:32-07:00,2024-04-06 05:43:02-07:00,3.808333333333333,72.9954,2024-04-06,0.14166666666666666,0.5833333333333333,2.4916666666666667,0.5916666666666667,28460.0
,,,,2024-04-07,,,,,27181.0
2024-04-08 03:54:55-07:00,2024-04-08 10:35:55-07:00,6.683333333333334,42.2838,2024-04-08,0.15,1.0,4.391666666666667,1.1416666666666666,7009.0
2024-04-09 01:13:28-07:00,2024-04-09 04:32:28-07:00,3.316666666666667,32.5496,2024-04-09,0.03333333333333333,0.875,1.4166666666666665,0.9916666666666667,19053.0
2024-04-10 00:02:05-07:00,2024-04-10 04:46:35-07:00,4.741666666666666,49.7216,2024-04-10,0.11666666666666667,0.9500000000000001,3.05,0.625,31626.0
,,,,2024-04-11,,,,,19729.0
,,,,2024-04-12,0.008333333333333333,,1.1833333333333333,0.175,14007.0
2024-04-12 22:47:15-07:00,2024-04-13 06:46:45-07:00,7.991666666666666,46.78905,2024-04-13,0.15,1.7416666666666667,3.666666666666667,1.0666666666666667,45317.0
,,,,2024-04-14,,,,,14228.0
,,,,2024-04-15,,,,,9848.0
2024-04-16 06:10:08-07:00,2024-04-16 07:53:08-07:00,1.7166666666666666,50.2509,2024-04-16,0.23333333333333334,0.13333333333333333,1.7666666666666666,1.025,30449.0
2024-04-16 21:39:16-07:00,2024-04-17 03:30:16-07:00,5.85,34.7282,2024-04-17,0.058333333333333334,0.8166666666666667,1.6166666666666667,0.35833333333333334,36085.0
,,,,2024-04-18,,,,,38178.0
2024-04-19 00:15:42-07:00,2024-04-19 04:06:42-07:00,3.85,42.0401,2024-04-19,0.10833333333333334,0.49166666666666664,2.2916666666666665,0.9583333333333333,29255.0
2024-04-20 00:07:01-07:00,2024-04-20 03:40:31-07:00,3.558333333333333,36.3609,2024-04-20,0.5333333333333333,0.5083333333333333,1.7916666666666665,0.725,36405.0
,,,,2024-04-21,0.15,0.5166666666666666,1.8166666666666667,0.825,7401.0
2024-04-21 20:45:18-07:00,2024-04-22 07:12:48-07:00,10.458333333333334,,2024-04-22,0.35,2.1750000000000003,4.625,,13993.0
,,,,2024-04-23,,,,,5916.0
,,,,2024-04-24,,,,,17121.0
,,,,2024-04-25,,,,,10002.0
,,,,2024-04-26,,,,,14675.0
,,,,2024-04-27,,,,,32780.0
,,,,2024-04-28,,,,,4046.0
2024-04-28 23:45:19-07:00,2024-04-29 07:43:49-07:00,7.975,98.34944999999999,2024-04-29,0.24166666666666667,1.6749999999999998,4.5,1.2333333333333334,12876.0
2024-04-30 00:18:02-07:00,2024-04-30 07:44:32-07:00,7.441666666666666,59.75695,2024-04-30,0.2,1.5083333333333333,4.65,1.0833333333333333,8380.0
,,,,2024-05-01,,,,,14652.0
,,,,2024-05-02,,,,,17702.0
,,,,2024-05-03,,,,,10369.0
,,,,2024-05-04,,,,,21384.0
2024-05-05 03:14:59-07:00,2024-05-05 10:34:29-07:00,7.325,48.8352,2024-05-05,0.18333333333333332,1.6583333333333332,4.541666666666667,0.9416666666666667,4049.0
,,,,2024-05-06,,,,,15208.0
,,,,2024-05-07,,,,,10619.0
,,,,2024-05-08,,,,,4988.0
,,,,2024-05-09,,,,,20851.0
,,,,2024-05-10,,,,,6097.0
2024-05-11 01:30:10-07:00,2024-05-11 08:17:10-07:00,6.783333333333333,28.9669,2024-05-11,0.23333333333333334,1.525,4.25,0.7750000000000001,10549.0
2024-05-12 00:53:08-07:00,2024-05-12 08:58:08-07:00,8.083333333333334,48.41525,2024-05-12,0.30833333333333335,1.6333333333333333,6.075,0.75,3645.0
2024-05-12 23:37:22-07:00,2024-05-13 06:45:52-07:00,7.141666666666667,32.19225,2024-05-13,0.24166666666666667,1.2666666666666666,4.358333333333333,0.5916666666666667,7803.0
,,,,2024-05-14,,,,,5507.0
2024-05-15 00:07:47-07:00,2024-05-15 08:01:47-07:00,7.9,,2024-05-15,0.31666666666666665,1.825,5.683333333333334,0.6166666666666667,12792.0
2024-05-15 23:34:05-07:00,2024-05-16 08:02:35-07:00,8.475,33.28,2024-05-16,0.9166666666666666,1.3416666666666666,4.916666666666667,0.7583333333333333,13253.0
,,,,2024-05-17,0.075,,0.06666666666666667,,6928.0
2024-05-17 23:55:57-07:00,2024-05-18 09:25:27-07:00,9.491666666666667,48.752700000000004,2024-05-18,1.5333333333333332,2.7416666666666667,3.9,1.175,7726.0
,,,,2024-05-19,,,,,6665.0
2024-05-20 01:03:55-07:00,2024-05-20 08:42:55-07:00,7.65,36.9615,2024-05-20,0.4583333333333333,1.7666666666666666,4.516666666666667,0.9083333333333333,15247.0
,,,,2024-05-21,,,,,19618.0
,,,,2024-05-22,,,,,10713.0
2024-05-22 23:37:27-07:00,2024-05-23 07:26:57-07:00,7.825,49.9344,2024-05-23,0.7583333333333333,1.7916666666666667,3.7583333333333333,1.1,18993.0
2024-05-24 00:27:18-07:00,2024-05-24 07:54:18-07:00,7.45,41.9187,2024-05-24,0.19999999999999998,1.7083333333333333,4.883333333333334,0.6583333333333333,24514.0
,,,,2024-05-25,,,,,8744.0
,,,,2024-05-26,,,,,22634.0
2024-05-27 01:28:54-07:00,2024-05-27 08:17:54-07:00,6.816666666666666,28.9093,2024-05-27,0.13333333333333333,1.3416666666666668,3.966666666666667,1.375,15409.0
2024-05-28 01:04:44-07:00,2024-05-28 08:52:44-07:00,7.8,54.3585,2024-05-28,0.425,1.525,5.058333333333334,0.7916666666666666,14677.0
,,,,2024-05-29,,,,,22449.0
,,,,2024-05-30,,,,,8058.0
2024-05-31 02:38:18-07:00,2024-05-31 09:52:48-07:00,7.241666666666666,,2024-05-31,0.08333333333333333,1.8333333333333333,4.308333333333334,1.0166666666666666,20169.0
,,,,2024-06-01,,,,,23197.0
2024-06-02 00:34:23-07:00,2024-06-02 10:30:23-07:00,9.933333333333334,28.671799999999998,2024-06-02,0.8166666666666668,2.1083333333333334,5.708333333333333,1.3,9027.0
2024-06-03 01:48:25-07:00,2024-06-03 08:51:55-07:00,7.058333333333334,,2024-06-03,0.11666666666666667,1.6166666666666667,4.5,0.825,7581.0
,,,,2024-06-04,,,,,10361.0
,,,,2024-06-05,,,,,8107.0
,,,,2024-06-06,0.06666666666666667,,0.5333333333333334,,24354.0
2024-06-06 23:27:57-07:00,2024-06-07 08:43:27-07:00,9.258333333333333,42.333933333333334,2024-06-07,0.3,1.5499999999999998,6.058333333333334,0.75,10222.0
2024-06-08 01:03:28-07:00,2024-06-08 09:25:28-07:00,8.366666666666667,36.0164,2024-06-08,0.55,1.1833333333333333,6.108333333333333,0.5249999999999999,3354.0
2024-06-09 01:21:32-07:00,2024-06-09 10:40:32-07:00,9.316666666666666,36.43085,2024-06-09,0.65,2.1833333333333336,5.441666666666666,1.0416666666666665,1619.0
2024-06-10 01:03:19-07:00,2024-06-10 09:18:49-07:00,8.258333333333333,43.42315,2024-06-10,0.3416666666666667,1.65,5.158333333333333,1.1083333333333334,7730.0
2024-06-11 01:34:25-07:00,2024-06-11 08:58:25-07:00,7.4,35.37675,2024-06-11,0.35833333333333334,1.6416666666666666,5.116666666666666,0.2833333333333333,16692.0
,,,,2024-06-12,,,,,30277.0
2024-06-13 02:06:46-07:00,2024-06-13 08:13:16-07:00,6.108333333333333,21.5059,2024-06-13,0.45,0.6916666666666667,4.408333333333333,0.5583333333333333,37879.0
,,,,2024-06-14,,,,,25315.0
2024-06-15 01:52:55-07:00,2024-06-15 08:32:55-07:00,6.666666666666667,46.7395,2024-06-15,1.0,0.825,3.375,1.4666666666666666,30711.0
,,,,2024-06-16,,,,,12454.0
2024-06-17 01:30:03-07:00,2024-06-17 05:35:03-07:00,4.083333333333333,27.3321,2024-06-17,0.20833333333333334,0.5333333333333333,2.666666666666667,0.675,19854.0
,,,,2024-06-18,,,,,6426.0
,,,,2024-06-19,,,,,25375.0
,,,,2024-06-20,,,,,7348.0
2024-06-21 01:36:38-07:00,2024-06-21 08:06:08-07:00,6.491666666666666,39.1374,2024-06-21,0.15000000000000002,1.2750000000000001,3.7,1.3666666666666667,10195.0
,,,,2024-06-22,,,,,2547.0
